student_id,表现档次,风险标签,学生画像类别
pjxwxxbj928,高表现,1,0
pjxyqwbj585,中表现,1,0
pjxyqxbk346,低表现,1,0
pjxyqxbj950,高表现,0,3
pjxyqxbk148,中表现,1,0
pjxyqxbl913,低表现,1,3
pjwrqxbj965,高表现,0,3
pjxyqwbk548,低表现,1,0
pjxyqxbk915,低表现,1,0
pjwtqxbj944,高表现,0,0
pjxyqxbj132,低表现,1,3
pjxyqxbk780,中表现,0,3
pjxuqwbj488,中表现,0,3
pjxyqwbk607,高表现,0,3
pjxuqwbj584,高表现,0,0
pjxyqxbj340,中表现,0,3
pjxsqxbj821,低表现,1,0
pjxyqxbk524,高表现,0,0
pjxyqwbk622,低表现,1,0
pjxyqxbk005,低表现,0,0
pjxyqxbj744,中表现,0,3
pjxsqxbj994,高表现,0,3
pjxuqwbj877,低表现,1,0
pjxyqxbj242,高表现,0,0
pjvyzvfj974,低表现,1,1
pjxyqwbj062,中表现,1,3
pjxyqwbj043,中表现,1,0
pjxsqxbj856,高表现,1,3
pjxyqxbj955,高表现,0,0
pjxyqxbk522,中表现,1,3
pjxxxxbj923,中表现,1,0
pjxyqxbj098,低表现,1,3
pjxyqwbj613,低表现,1,3
pjxwxxbj908,低表现,1,0
pjxyqxbk706,中表现,0,3
pjxyqxbl912,中表现,0,0
pjxyqxbk746,低表现,1,0
pjxsqxbj944,高表现,0,0
pjxyqxbj006,低表现,1,3
pjxyqxbl812,中表现,0,3
pjxyqxbl874,低表现,1,0
pjxyqxbj740,低表现,1,3
pjxqqxbj982,高表现,0,3
pjxuqwbj739,中表现,0,3
pjxpqxbj912,高表现,0,3
pjxyqxbj034,高表现,0,3
pjxyqwbj007,低表现,1,3
pjxsqxbj983,高表现,0,3
pjxyqxbj319,低表现,1,0
pjxyqwbj098,中表现,1,0
pjxuqwbj619,中表现,1,0
pjxyqxbj155,中表现,1,3
pjxyqwbj084,中表现,1,0
pjxyqwbj379,高表现,1,0
pjxyqxbj991,低表现,1,0
pjxqqxbj991,高表现,0,3
pjxuqwbj954,低表现,1,0
pjxyqxbl869,低表现,1,0
pjxwzxkj998,低表现,1,0
pjxsqxbj812,低表现,1,0
pjxyqwbk942,中表现,1,0
pjxyqxbj548,中表现,0,3
pjxvzxbj989,低表现,1,0
pjxyqxbl765,低表现,1,0
pjxyqxbj039,高表现,0,3
pjxyqxbj334,低表现,1,0
pjxyqwbk855,低表现,1,0
pjxuqwbj512,中表现,0,3
pjxyqxbj903,高表现,1,3
pjxyqwbj967,中表现,0,0
pjxyqwbj923,高表现,1,0
pjwrqxbj977,中表现,0,3
pjxyqxbj024,低表现,1,0
pjxyqxbk816,高表现,0,0
pjxyqxbl688,低表现,1,0
pjxsqxbj971,高表现,0,0
pjxyqxbl712,低表现,1,0
pjxyqwbj935,低表现,1,0
pjxyqwbj078,中表现,0,3
pjxyqwbj485,低表现,0,0
pjxyqwbk542,低表现,1,0
pjxxzxkj991,中表现,1,3
pjxyqxbj615,低表现,1,0
pjxyqxbk903,高表现,1,3
pjxyqxbk052,高表现,1,0
pjxuqwbj811,中表现,0,0
pjxuqwbj761,中表现,0,0
pjxyqxbj981,中表现,0,3
pjxyqxbk350,中表现,0,3
pjxyqwbk509,中表现,1,0
pjxqqxbj989,中表现,1,0
pjxyqxbk079,中表现,0,0
pjxwxxbj993,低表现,1,0
pjxqqxbj981,高表现,0,0
pjxyqxbk753,中表现,1,3
pjxyqwbj219,高表现,0,3
pjxyqxbl753,中表现,1,3
pjxyqwbk802,低表现,1,3
pjxyqwbj905,中表现,0,3
pjxyqxbj501,低表现,1,0
pjxuqwbj892,高表现,0,3
pjxuqwbj766,中表现,1,0
pjxuqwbj663,高表现,1,3
pjxyqxbk264,高表现,0,0
pjxyqwbj865,高表现,1,3
pjxyqwbj579,低表现,1,0
pjxyqxbl755,低表现,1,0
pjxyqxbj605,中表现,0,3
pjxyqwbk647,中表现,1,0
pjxyqxbk000,低表现,1,0
pjxyqxbl962,中表现,0,0
pjxyqxbj379,中表现,1,0
pjxyqxbk468,低表现,1,0
pjxyqwbj584,低表现,1,3
pjxwxxbj981,中表现,1,0
pjxyqxbl904,中表现,1,0
pjxyqxbk772,低表现,1,3
pjxyqxbk446,高表现,0,0
pjxyqwbj910,高表现,0,3
pjxtzxfj978,低表现,1,1
pjxyqxbk797,高表现,1,3
pjxuqwbj937,低表现,1,0
pjvyzxbj997,高表现,1,0
pjxyqxbj103,高表现,1,3
pjxyqxbj781,中表现,0,0
pjxyqxbk211,中表现,0,3
pjxyqxbk974,中表现,1,3
pjxyqxbj337,低表现,0,3
pjxyqxbj031,低表现,1,3
pjxyqwbj958,低表现,1,0
pjxuqwbj659,高表现,0,0
pjxyqxbk232,低表现,1,3
pjxuqwbj778,中表现,0,3
pjxyqxbk007,中表现,0,3
pjxyqwbj839,中表现,0,3
pjxyqwbj339,低表现,1,0
pjxuqwbj976,中表现,0,0
pjxyqxbk246,高表现,0,0
pjxyqxbj440,高表现,1,3
pjxyqxbj566,低表现,1,3
pjxyqxbk594,低表现,1,0
pjxrqxbj918,中表现,1,0
pjxyqwbj061,高表现,1,0
pjxwzxfj991,低表现,1,1
pjxyqxbk419,低表现,1,3
pjxpqxbj919,中表现,1,3
pjxyqxbk150,中表现,1,0
pjxyqxbk957,高表现,1,3
pjxyqwbj384,高表现,1,0
pjxuqwbj546,高表现,0,0
pjxyqwbj876,高表现,1,0
pjxyqxbj544,高表现,1,3
pjxqqxbj979,低表现,0,2
pjxuzvbj996,中表现,1,0
pjxyqxbk657,高表现,0,3
pjxrqxbj969,低表现,1,0
pjwrqxbj979,高表现,1,0
pjxyqxbk783,中表现,0,0
pjxyqxbj086,中表现,0,3
pjxyqxbj391,高表现,0,0
pjxyqxbk452,高表现,1,3
pjwrqxbj890,高表现,0,0
pjxyqxbj872,高表现,1,0
pjxyqwbk514,高表现,0,0
pjxuqwbj666,高表现,0,0
pjxyqwbk511,低表现,1,0
pjxsqxbj871,高表现,0,0
pjxyqwbk673,高表现,0,0
pjxyqwbk925,低表现,1,3
pjxyqwbj130,高表现,1,0
pjxyqxbk369,中表现,1,0
pjxyqxbj459,中表现,0,3
pjxyqwbk697,中表现,0,0
pjxsqxbj927,高表现,0,3
pjxyqxbj347,低表现,1,0
pjxyqxbj648,高表现,0,3
pjxyqxbk209,低表现,1,3
pjxuqwbj830,低表现,1,3
pjxyqxbk950,高表现,0,3
pjxyqxbl911,高表现,0,3
pjxyqxbk168,低表现,1,0
pjxyqwbj732,高表现,1,3
pjxyqxbk276,中表现,0,0
pjxyqwbj431,高表现,1,0
pjxyqwbj692,低表现,1,2
pjxxxxbj921,高表现,1,0
pjxyqxbk534,高表现,0,3
pjxuqwbj535,低表现,1,0
pjxyqwbj108,中表现,0,0
pjxyqwbj305,中表现,0,0
pjxrqxbj983,中表现,1,0
pjwtqxbj954,中表现,0,3
pjxyqxbj722,中表现,0,3
pjxyqwbj358,中表现,0,0
pjxyqwbj885,高表现,1,0
pjxyqwbk595,高表现,0,0
pjxyqxbj470,高表现,0,3
pjxyqwbk615,中表现,0,0
pjxyqxbj223,高表现,1,3
pjxyqxbj640,低表现,1,0
pjxyqxbl931,中表现,1,0
pjxyqxbk947,高表现,0,3
pjwrqxbj929,中表现,0,3
pjxsqxbj788,中表现,1,3
pjxyqxbj967,低表现,1,3
pjxyqxbj080,低表现,1,3
pjxyqxbk803,中表现,1,3
pjxyqwbk731,低表现,0,2
pjxpqxbj961,中表现,1,3
pjxuqwbj454,中表现,0,0
pjxyqwbj453,高表现,0,0
pjxpqxbj978,高表现,0,3
pjxyqxbk765,中表现,0,3
pjxyqxbj780,低表现,1,3
pjxyqxbk190,低表现,1,3
pjxyqxbk448,中表现,1,3
pjxyqxbk627,低表现,1,3
pjxyqxbk846,高表现,0,3
pjxyqwbk584,低表现,1,0
pjxyqxbl934,高表现,1,0
pjxyqwbk838,低表现,1,3
pjxuqwbj719,中表现,1,3
pjxyqwbj932,高表现,1,0
pjwtqxbj982,高表现,0,2
pjxvzxfj972,低表现,1,1
pjxyqxbl988,中表现,0,0
pjxuqwbj806,低表现,1,0
pjxqqxbj954,中表现,0,2
pjxuqwbj894,低表现,1,0
pjxyqxbk048,中表现,0,3
pjxyqwbj164,中表现,1,0
pjxyqwbj821,低表现,1,0
pjxyqxbj314,中表现,1,3
pjxyqxbj818,高表现,0,3
pjxyqwbj366,中表现,1,0
pjxyqwbk788,中表现,1,0
pjxyqwbj531,高表现,1,3
pjxyqxbk339,中表现,0,3
pjwtqxbj976,中表现,1,3
pjxyqxbj255,中表现,1,3
pjxyqwbk943,中表现,1,0
pjxyqwbj671,低表现,1,0
pjxyqxbj285,高表现,0,3
pjxyqxbj554,中表现,0,0
pjxyqxbk822,高表现,1,3
pjxyqxbj862,高表现,1,3
pjxyqxbk046,中表现,1,0
pjxuqwbj714,高表现,0,3
pjxrqxbj988,中表现,0,0
pjxxxxbj981,中表现,1,0
pjxyqxbk031,中表现,0,0
pjxxxxbj989,高表现,1,0
pjxyqwbk954,低表现,1,3
pjwtqxbj946,低表现,1,3
pjxyqwbj356,中表现,0,0
pjxrqxbj916,低表现,1,0
pjxyqwbj890,高表现,1,0
pjxyqxbk836,高表现,0,0
pjxyqwbj902,中表现,1,0
pjxyqwbj362,中表现,1,0
pjxuqwbj988,中表现,1,0
pjxyqxbl950,中表现,1,3
pjxxxxbj955,中表现,1,0
pjxrqxbj951,中表现,1,0
pjxuqwbj838,中表现,0,3
pjxyqwbj677,高表现,1,0
pjxyqxbk019,中表现,1,3
pjwrqxbj973,中表现,0,3
pjxsqxbj997,中表现,0,3
pjxrqxbj919,高表现,1,3
pjxuqwbj713,中表现,1,3
pjxsqxbj820,低表现,1,0
pjxyqwbj961,低表现,1,3
pjxyqxbj954,中表现,0,0
pjxyqxbj653,高表现,0,3
pjxyqwbj104,低表现,1,0
pjxpqxbj915,高表现,0,3
pjxyqwbj859,低表现,1,0
pjxuqwbj928,中表现,0,0
pjxyqxbk953,低表现,1,3
pjxyqwbj476,中表现,1,0
pjxyqxbj760,低表现,1,3
pjxyqxbk820,高表现,0,3
pjxyqxbl886,低表现,1,0
pjxyqxbj659,中表现,0,3
pjxyqxbj520,高表现,0,3
pjxrqxbj930,高表现,1,0
pjxyqxbj288,高表现,0,3
pjxyqwbj486,中表现,1,0
pjxpqxbj946,中表现,1,3
pjxyqxbk663,高表现,0,3
pjxuqwbj574,高表现,0,0
pjxsqxbj982,高表现,1,3
pjxyqwbj216,高表现,1,0
pjxyqwbj461,中表现,1,0
pjxyqxbk095,高表现,0,3
pjxyqxbk194,中表现,0,3
pjxuzxbj987,低表现,1,0
pjxyqxbj018,中表现,1,0
pjxyqxbj454,高表现,1,0
pjxpqxbj985,高表现,0,3
pjxyqwbk955,高表现,0,2
pjxrqxbj894,中表现,1,0
pjxyqwbj522,中表现,1,0
pjxpqxbj975,中表现,0,3
pjxuqwbj854,中表现,0,0
pjxyqxbk411,高表现,1,0
pjxyqxbk997,中表现,0,0
pjxyqxbk338,低表现,1,0
pjxuqwbj786,低表现,1,3
pjxyqxbj726,中表现,0,3
pjxuqwbj829,高表现,0,0
pjxyqwbk967,中表现,1,0
pjxyqwbk813,低表现,1,0
pjxyqxbk728,中表现,1,3
pjxyqwbj348,低表现,1,0
pjxyqwbk510,低表现,1,0
pjxyqxbk185,低表现,1,0
pjxyqxbj545,低表现,1,3
pjxyqxbj663,中表现,1,3
pjxsqxbj827,低表现,1,3
pjxrqxbj901,高表现,0,3
pjxyqwbj577,中表现,0,0
pjxyqwbj914,低表现,1,0
pjxyqwbj396,高表现,1,0
pjxwxxbj963,低表现,1,0
pjvyzvfj989,低表现,1,1
pjxyqwbj506,中表现,1,3
pjxyqwbj648,高表现,1,0
pjxyqxbj961,低表现,1,0
pjwtqxbj921,中表现,0,3
pjxyqxbj776,中表现,0,3
pjxyqwbj588,中表现,1,3
pjxqqxbj985,高表现,1,3
pjxyqwbj760,中表现,0,3
pjxyqxbj355,中表现,0,0
pjwrqxbj935,中表现,1,0
pjxyqwbk922,中表现,0,0
pjxyqxbj807,中表现,0,3
pjxyqxbj585,低表现,1,0
pjxyqxbk022,中表现,0,3
pjxyqxbl957,低表现,1,3
pjxyqwbj397,低表现,1,2
pjxyqxbk155,中表现,0,3
pjxyqwbk831,低表现,1,3
pjxyqwbj223,高表现,1,0
pjxyqxbj884,高表现,0,3
pjxyqxbj180,中表现,1,3
pjxyqxbl906,中表现,0,0
pjxyqwbj109,高表现,0,3
pjxyqxbk204,低表现,1,3
pjxyqwbj126,高表现,0,0
pjwrqxbj913,低表现,1,0
pjxyqxbk852,高表现,1,0
pjxyqxbj361,高表现,0,3
pjxyqwbk812,高表现,1,3
pjxuqwbj883,中表现,1,0
pjxyqxbk566,低表现,1,0
pjxyqxbj940,中表现,0,3
pjxyqxbk074,低表现,1,0
pjxuqwbj642,高表现,0,3
pjxyqxbk878,中表现,0,3
pjxyqxbk632,低表现,0,3
pjxyqxbj761,中表现,1,0
pjxpqxbj972,高表现,1,3
pjxrqxbj892,低表现,1,3
pjxsqxbj876,高表现,1,3
pjwrqxbj916,高表现,0,0
pjxyqxbj330,高表现,1,3
pjxyqwbj739,高表现,1,0
pjxyqwbj853,高表现,0,0
pjxyqxbl992,低表现,1,0
pjxyqwbj149,中表现,1,0
pjxyqwbj564,低表现,1,0
pjxpqxbj981,高表现,0,3
pjxpqxbj976,高表现,0,3
pjxyqxbj198,高表现,0,3
pjxyqxbj174,中表现,1,0
pjxyqxbk684,高表现,1,3
pjxyqxbl963,高表现,1,3
pjxuqwbj797,中表现,1,0
pjxyqwbk519,高表现,0,0
pjxsqxbj980,低表现,1,0
pjxyqxbk590,高表现,0,0
pjxuqwbj763,低表现,1,0
pjxxzxkj983,中表现,1,3
pjxsqxbj808,高表现,0,0
pjxyqwbk962,低表现,1,3
pjxyqwbj617,中表现,0,0
pjxyqxbk500,低表现,1,0
pjxyqwbk770,低表现,1,3
pjxyqwbj515,高表现,1,3
pjxyqwbk716,中表现,1,0
pjxyqxbj952,中表现,1,3
pjxyqwbk572,中表现,1,3
pjxyqwbj837,低表现,1,0
pjxyqxbk328,高表现,0,3
pjxyqxbj559,低表现,0,3
pjxyqxbk595,低表现,1,0
pjxyqxbk798,高表现,0,3
pjxxzxkj979,低表现,1,0
pjxyqxbk841,高表现,0,0
pjxuqwbj724,高表现,0,0
pjxyqxbk685,低表现,1,3
pjxuqwbj914,中表现,1,3
pjxyqxbk458,中表现,0,0
pjxqzxbj995,低表现,1,0
pjxuqwbj472,中表现,0,0
pjxuqwbj503,低表现,1,0
pjxyqxbl678,低表现,1,0
pjxyqxbk889,中表现,1,3
pjxyqwbj252,高表现,0,2
pjxyqxbj669,中表现,0,3
pjxyqxbk869,中表现,0,3
pjxvzxfj980,低表现,1,1
pjxuqwbj985,中表现,1,0
pjxyqxbj688,中表现,1,0
pjxyqxbj007,低表现,1,0
pjxyqwbj326,中表现,0,0
pjxyqxbj914,高表现,0,0
pjxyqxbk167,高表现,0,3
pjxpqxbj963,高表现,1,3
pjxyqwbk652,低表现,1,3
pjxuqwbj525,高表现,0,0
pjxyqxbk936,高表现,0,0
pjxyqxbk135,中表现,1,3
pjxyqwbj631,低表现,1,0
pjxyqxbj921,中表现,1,0
pjxuqwbj953,低表现,0,3
pjwrqxbj984,中表现,0,3
pjxyqxbk039,低表现,1,0
pjxyqxbk444,高表现,0,3
pjxuqwbj930,高表现,1,0
pjxrqxbj947,中表现,0,3
pjxyqxbj858,高表现,1,0
pjxyqwbj748,高表现,1,3
pjxvzxfj987,低表现,1,1
pjxyqwbk951,低表现,1,3
pjxyqwbj245,高表现,1,0
pjxyqxbj635,高表现,0,0
pjxuqwbj904,高表现,0,0
pjxyqxbk723,低表现,1,3
pjxyqxbk927,中表现,1,3
pjxsqxbj751,低表现,1,0
pjxyqwbk710,中表现,0,0
pjxyqwbj487,高表现,0,3
pjvyzvfj998,低表现,1,1
pjxuqwbj805,高表现,0,3
pjxyqwbj158,低表现,1,0
pjxyqxbj257,低表现,1,3
pjxsqxbj801,中表现,0,3
pjxyqwbj557,高表现,0,3
pjxyqwbj086,低表现,1,0
pjxyqwbj734,中表现,1,0
pjxyqwbk830,高表现,1,0
pjxyqxbl937,中表现,0,3
pjxtzxfj982,低表现,1,1
pjwtqxbj983,高表现,0,3
pjxyqwbk698,中表现,0,0
pjxyqxbj609,中表现,1,3
pjxyqxbj113,高表现,0,3
pjxyqxbk220,中表现,1,0
pjxyqxbk642,高表现,0,3
pjxyqxbj846,高表现,0,3
pjxwxxbj943,低表现,1,0
pjxyqxbj571,高表现,0,3
pjxxxxbj968,低表现,1,0
pjxyqxbj253,中表现,1,3
pjxuqwbj833,高表现,0,3
pjwrqxbj944,高表现,1,3
pjxsqxbj790,中表现,0,3
pjxyqxbj907,高表现,1,3
pjxuqwbj540,中表现,1,0
pjxyqwbj156,低表现,1,0
pjxuzsfj995,低表现,1,1
pjxyqwbk966,高表现,1,0
pjxwxxbj916,中表现,1,0
pjxyqxbk695,高表现,1,3
pjxwxxbj918,中表现,1,0
pjwtqxbj935,高表现,0,0
pjxyqxbj082,中表现,1,3
pjxsqxbj954,高表现,1,0
pjxsqxbj768,中表现,1,3
pjxyqwbk772,中表现,1,0
pjxuqwbj933,低表现,1,3
pjxyqxbl810,中表现,0,3
pjxyqwbj782,低表现,1,0
pjxxxxbj970,高表现,1,0
pjxvzxfj998,低表现,1,1
pjxyqxbj799,中表现,1,0
pjxsqxbj922,中表现,0,0
pjxyqwbj388,中表现,1,0
pjxyqxbj993,低表现,1,3
pjxyqxbk720,高表现,1,0
pjxyqxbj443,中表现,1,0
pjxyqxbj701,低表现,1,3
pjxyqwbj117,中表现,1,3
pjxyqwbj018,中表现,1,0
pjxyqwbk818,中表现,0,3
pjxuqwbj564,高表现,1,0
pjxsqxbj894,高表现,0,3
pjxsqxbj970,中表现,0,3
pjxyqwbk868,中表现,0,0
pjxyqxbj800,高表现,0,3
pjxyqwbj884,高表现,0,0
pjxyqwbj966,中表现,1,0
pjxyqxbk520,高表现,0,3
pjxyqwbj928,中表现,1,0
pjxyqwbk779,高表现,1,0
pjxyqxbk314,低表现,1,3
pjxuqwbj572,高表现,0,3
pjxyqwbj836,中表现,1,0
pjxyqxbj935,高表现,0,3
pjxuzsfj988,低表现,1,1
pjxyqwbj255,中表现,0,0
pjxuqwbj812,中表现,0,3
pjxyqxbl750,中表现,0,3
pjxsqxbj909,高表现,0,3
pjxyqwbj691,高表现,1,0
pjxyqwbk781,中表现,1,0
pjxuqwbj803,低表现,1,0
pjxyqxbk840,低表现,1,0
pjxyqwbk646,高表现,0,3
pjwrqxbj901,低表现,1,2
pjxyqwbj678,高表现,1,0
pjxyqxbl779,低表现,1,0
pjxuqwbj733,高表现,0,0
pjxyqwbj946,高表现,0,3
pjxyqwbk740,高表现,0,0
pjxyqwbj172,中表现,0,0
pjxyqxbj964,低表现,1,0
pjxyqxbj762,中表现,1,0
pjxyqwbj877,高表现,1,0
pjxyqxbj770,高表现,1,3
pjxuqwbj750,低表现,1,2
pjxyqwbj112,中表现,1,0
pjxyqxbk743,低表现,1,3
pjxsqxbj778,高表现,0,3
pjxvztfj974,低表现,1,1
pjxyqxbk036,中表现,0,0
pjxsqxbj872,高表现,1,3
pjxyqxbk354,中表现,0,3
pjxuqwbj489,中表现,0,3
pjxwxxbj915,高表现,1,0
pjxyqxbj898,低表现,1,3
pjxuqwbj745,中表现,1,3
pjxyqxbk680,高表现,0,3
pjxyqwbj833,高表现,1,3
pjxyqwbj949,中表现,1,0
pjxuqwbj876,高表现,1,3
pjxyqwbk871,高表现,1,0
pjxyqxbk137,高表现,1,0
pjxyqwbj282,高表现,1,3
pjxyqwbj283,中表现,0,3
pjxyqwbk775,高表现,1,3
pjxyqxbj626,低表现,1,0
pjxyqxbk705,低表现,1,3
pjxyqwbk736,低表现,1,3
pjxuqwbj692,中表现,0,0
pjxsqxbj897,中表现,0,3
pjxyqxbj001,高表现,0,3
pjxvztfj976,低表现,1,1
pjxyqwbj933,中表现,1,0
pjxyqwbj904,高表现,0,0
pjxsqxbj840,中表现,1,3
pjxwzxbj988,低表现,1,0
pjwrqxbj956,中表现,0,3
pjxyqwbj598,高表现,0,0
pjxyqxbj681,高表现,0,3
pjxsqxbj873,高表现,1,2
pjxyqxbj060,低表现,1,3
pjxyqwbk893,中表现,1,3
pjxyqxbl837,低表现,1,0
pjxsqxbj921,低表现,1,2
pjxyqwbj947,高表现,0,0
pjxyqwbj524,高表现,0,0
pjxyqxbk604,低表现,1,0
pjxyqwbj589,中表现,0,0
pjwtqxbj979,高表现,0,3
pjwrqxbj884,高表现,0,0
pjxyqxbj465,低表现,1,3
pjxyqxbk813,中表现,1,0
pjxsqxbj941,中表现,0,3
pjxyqxbj838,中表现,0,3
pjxyqwbj412,低表现,1,0
pjxyqxbk825,低表现,1,0
pjxyqwbj122,中表现,0,0
pjxyqxbj777,低表现,1,3
pjxyqxbl952,高表现,1,0
pjxyqxbl825,中表现,0,3
pjxyqwbj754,低表现,1,0
pjxrqxbj961,高表现,1,0
pjxyqxbl714,中表现,1,3
pjwtzxbj996,低表现,1,3
pjxuqwbj772,中表现,1,0
pjxxxxbj987,高表现,1,0
pjxyqwbk856,中表现,1,0
pjxxzxkj997,高表现,0,3
pjxyqwbk804,低表现,1,0
pjxrqxbj939,高表现,1,0
pjxpqxbj969,中表现,0,3
pjxyqxbl735,高表现,1,0
pjxyqwbk724,中表现,1,0
pjxyqwbj455,高表现,0,0
pjxyqxbk794,低表现,1,0
pjxyqxbj834,高表现,1,0
pjxsqxbj916,高表现,0,3
pjxxztfj997,低表现,1,1
pjxyqxbj151,高表现,0,3
pjxyqwbj548,中表现,1,0
pjxwxxbj967,低表现,1,0
pjxyqxbk144,中表现,1,0
pjxyqxbj492,中表现,1,3
pjwrqxbj992,中表现,1,3
pjxyqwbj755,高表现,1,3
pjwrqxbj967,高表现,1,0
pjxyqwbk864,中表现,0,0
pjxyqxbk939,中表现,0,3
pjxpqxbj962,高表现,1,0
pjxyqxbk373,低表现,1,0
pjxuqwbj511,低表现,1,3
pjxxxxbj930,高表现,1,0
pjxyqwbj347,中表现,1,0
pjwrqxbj920,中表现,1,0
pjxuqwbj500,高表现,0,3
pjxyqxbj812,低表现,1,3
pjxuqwbj814,中表现,0,0
pjxyqxbj753,低表现,1,3
pjxyqwbj701,低表现,1,0
pjxsqxbj758,低表现,1,0
pjxrqxbj994,高表现,1,3
pjxyqxbl921,低表现,1,0
pjxyqxbk503,高表现,0,2
pjxyqxbj972,中表现,0,3
pjxyqxbk905,高表现,1,3
pjxsqxbj905,高表现,0,3
pjxyqwbj154,高表现,1,3
pjxyqxbl686,低表现,1,0
pjxuqwbj784,高表现,1,3
pjxyqxbk683,高表现,0,0
pjxuqwbj496,低表现,1,3
pjxuqwbj485,高表现,0,0
pjxyqxbl807,低表现,1,0
pjxyqwbj807,高表现,1,3
pjxyqxbj228,中表现,0,3
pjxyqxbk125,低表现,1,3
pjxyqwbj660,高表现,0,0
pjxyqwbj793,中表现,1,0
pjxyqwbj787,高表现,1,0
pjxyqwbk608,中表现,1,3
pjxsqxbj774,低表现,1,3
pjxyqxbj827,低表现,1,0
pjxyqwbk636,中表现,1,0
pjxyqxbk581,高表现,0,0
pjxyqwbk527,高表现,1,0
pjxvzrfj978,低表现,1,1
pjxuqwbj731,高表现,1,3
pjxyqwbj395,高表现,0,0
pjxyqxbj541,高表现,1,0
pjxyqxbj779,中表现,0,3
pjxyqxbk013,低表现,1,3
pjxyqxbk601,中表现,1,3
pjxyqxbj102,低表现,1,3
pjxsqxbj779,低表现,1,0
pjxyqxbk097,中表现,0,3
pjxvztfj990,低表现,1,1
pjxsqxbj825,高表现,1,0
pjxwzxfj994,低表现,1,1
pjxyqxbj278,中表现,1,3
pjxyqwbj035,中表现,1,0
pjxyqxbj848,高表现,1,0
pjxwzxkj991,高表现,1,0
pjxyqxbl889,中表现,1,0
pjwrqxbj924,中表现,1,3
pjxyqxbj801,中表现,1,0
pjxuzvbj991,低表现,1,0
pjxyqxbj733,高表现,1,3
pjxyqwbj469,高表现,0,3
pjxyqxbk978,低表现,1,3
pjwrqxbj993,高表现,0,0
pjxyqxbj687,低表现,1,3
pjxyqwbj500,中表现,0,0
pjxwxxbj934,低表现,1,0
pjxuqwbj986,高表现,0,3
pjxtzxbj997,低表现,1,0
pjxwxxbj992,中表现,1,0
pjxyqwbk899,高表现,1,0
pjxyqxbk236,高表现,0,0
pjxyqxbj052,高表现,1,0
pjxvzrfj975,低表现,1,1
pjvyzxbj995,低表现,1,0
pjxuqwbj637,低表现,1,0
pjxuqwbj906,高表现,0,3
pjxyqxbj152,高表现,0,3
pjxxxxbj953,高表现,1,0
pjxyqwbj989,高表现,0,0
pjxwzxbj993,低表现,1,3
pjxyqxbj043,中表现,1,0
pjxyqxbj038,高表现,1,0
pjxyqxbk958,高表现,0,3
pjxwxxbj907,低表现,1,0
pjxyqwbk632,低表现,1,0
pjwrqxbj938,中表现,1,0
pjxyqxbl766,高表现,0,3
pjxyqxbj073,中表现,1,3
pjxvzxfj982,低表现,1,1
pjxsqxbj824,高表现,0,3
pjxpqxbj930,中表现,1,3
pjxyqwbj059,低表现,1,3
pjxyqwbj077,低表现,1,0
pjxsqxbj953,高表现,0,3
pjxyqxbj250,低表现,0,3
pjxyqxbk021,中表现,0,0
pjxyqxbk043,低表现,1,0
pjxuqwbj944,中表现,1,3
pjxqqxbj947,中表现,0,3
pjxyqxbj637,中表现,1,3
pjxuqwbj858,高表现,1,0
pjxyqwbj664,中表现,0,0
pjxyqwbj209,低表现,1,3
pjxrqxbj952,中表现,1,0
pjxyqxbk900,低表现,0,0
200307700011,低表现,1,1
pjxwxxbj924,低表现,1,0
pjwrqxbj988,高表现,0,0
pjwtqxbj920,中表现,0,3
pjxqqxbj997,高表现,1,0
pjxyqxbk556,低表现,1,0
pjxyqxbj008,中表现,1,3
pjxyqwbk700,中表现,0,0
pjxyqxbj570,高表现,0,3
pjxrqxbj981,中表现,0,0
pjxyqxbk277,中表现,1,0
pjxyqxbk302,低表现,1,0
pjxuqwbj581,高表现,0,3
pjxyqxbl929,高表现,1,0
pjxyqxbk525,中表现,1,0
pjxqzxbj975,高表现,1,0
pjxyqwbj054,高表现,0,0
pjxyqxbk630,高表现,0,3
pjxyqwbj375,中表现,1,0
pjxuqwbj507,中表现,0,0
pjxwxxbj940,低表现,1,0
pjxyqxbk787,中表现,0,3
pjxyqwbk583,低表现,1,0
pjxyqxbl878,低表现,1,0
pjxyqwbk720,中表现,1,0
pjxyqwbj977,高表现,1,0
pjxyqxbk640,中表现,0,3
pjxtzxfj983,低表现,1,1
pjxyqxbk855,中表现,0,3
pjxyqxbk812,低表现,1,0
pjxyqwbj309,高表现,1,0
pjwtqxbj922,高表现,0,3
pjxyqxbk717,中表现,0,3
pjxyqxbj455,中表现,0,3
pjxyqwbj986,低表现,1,3
pjxyqxbj272,中表现,1,3
pjxyqxbk399,中表现,1,0
pjxyqxbj145,高表现,0,0
pjxpqxbj916,高表现,0,3
pjxyqxbk677,中表现,0,0
pjxyqxbj642,低表现,1,3
pjxuqwbj589,中表现,1,0
pjxuqwbj994,中表现,1,0
pjxyqwbj785,低表现,1,0
pjxyqxbk107,中表现,0,3
pjxyqwbj950,高表现,1,0
pjxyqxbj439,中表现,0,3
pjxyqxbk218,低表现,1,0
pjwtqxbj939,低表现,1,3
pjxtzxfj981,低表现,1,1
pjxxzxkj990,高表现,1,3
pjxyqwbj441,高表现,1,3
pjxsqxbj888,高表现,0,3
pjxuqwbj837,高表现,0,0
pjxyqxbk098,低表现,1,0
pjxyqxbk715,高表现,0,3
pjxvztfj977,低表现,1,1
pjxyqxbk854,低表现,1,2
pjxyqwbj569,低表现,1,0
pjxyqwbk839,中表现,0,3
pjxyqxbl907,中表现,0,3
pjxyqxbl745,中表现,0,3
pjxsqxbj906,高表现,1,3
pjxwxxbj972,低表现,1,0
pjxsqxbj874,高表现,1,0
pjxxztfj995,低表现,1,1
pjxyqxbl830,高表现,0,0
pjxyqxbk464,中表现,0,0
pjxwxxbj953,低表现,1,0
pjxyqwbk769,低表现,0,0
pjxyqxbj371,高表现,1,0
pjxyqxbl742,低表现,1,0
pjxyqwbj624,中表现,0,0
pjxyqxbk745,低表现,1,0
pjxyqxbk063,低表现,1,3
pjxuqwbj568,高表现,0,3
pjxyqwbj492,低表现,1,0
pjxyqxbj948,中表现,0,3
pjxyqwbk664,高表现,0,0
pjxyqxbj491,高表现,1,3
pjxyqwbj864,低表现,1,0
pjxyqxbk923,低表现,1,3
pjxyqwbj868,低表现,1,0
pjxyqxbl867,高表现,0,3
pjxyqwbj331,高表现,0,0
pjxyqwbj385,中表现,1,0
pjxyqwbk662,高表现,0,0
pjxyqxbl910,中表现,0,3
pjxsqxbj904,高表现,0,3
pjxyqwbk923,中表现,0,3
pjxyqxbk937,中表现,0,3
pjxyqxbk105,高表现,0,3
pjxsqxbj893,高表现,0,3
pjxyqxbl781,中表现,0,3
pjwrqxbj974,高表现,0,3
pjxsqxbj918,高表现,0,2
pjxyqxbk268,低表现,1,3
pjxyqxbj703,中表现,0,3
pjxyqwbk972,低表现,1,2
pjxyqwbk806,中表现,1,0
pjxyqxbj588,低表现,1,3
pjwrqxbj905,低表现,1,2
pjxpqxbj925,中表现,0,3
pjxsqxbj965,高表现,0,3
pjxyqxbk551,低表现,1,3
pjxrqxbj911,低表现,1,0
pjxqqxbj986,高表现,0,0
pjxyqxbk024,高表现,0,3
pjxyqwbk865,低表现,1,0
pjxrqxbj943,高表现,0,3
pjxyqwbj150,中表现,1,0
pjxuqwbj950,高表现,1,3
pjxyqxbj646,中表现,0,3
pjxyqxbk368,高表现,1,0
pjxyqwbj266,高表现,1,0
pjxyqwbj542,低表现,1,0
pjxyqxbk732,低表现,1,0
pjxyqxbk198,低表现,1,3
pjxxxxbj910,低表现,1,0
pjxwxxbj945,中表现,1,0
pjxyqxbk035,中表现,0,3
pjxyqxbj088,中表现,0,0
pjxyqxbk552,低表现,1,0
pjxyqxbl965,中表现,0,0
pjxuqwbj698,高表现,0,3
pjxuqwbj566,低表现,1,0
pjxyqxbj739,低表现,1,0
pjxyqwbj841,高表现,0,0
pjxyqwbj776,高表现,0,0
pjxyqxbj452,低表现,1,0
pjxqqxbj964,高表现,0,3
pjxyqwbj741,高表现,0,3
pjxyqxbj352,高表现,1,0
pjxyqwbj566,低表现,1,0
pjxsqxbj792,中表现,0,3
pjxyqwbj351,中表现,1,0
pjxyqwbj590,低表现,1,3
pjxvzxfj988,低表现,1,1
pjxqqxbj967,高表现,1,0
pjxwxxbj941,低表现,1,0
pjxuqwbj785,中表现,1,3
pjxuqwbj708,中表现,1,0
pjxyqxbk032,中表现,1,0
pjxyqxbj922,中表现,0,0
pjxyqwbj242,高表现,0,0
pjxyqxbj419,中表现,1,3
pjxyqwbk694,高表现,1,3
pjxsqxbj826,中表现,0,3
pjxyqwbj615,低表现,1,0
pjxyqxbk068,低表现,0,0
pjxrqxbj992,中表现,0,0
pjxsqxbj877,低表现,0,3
pjxwxxbj927,低表现,1,0
pjxyqwbj080,低表现,1,0
pjxyqwbk538,中表现,0,0
pjxyqxbk486,低表现,1,3
pjxyqxbk844,中表现,1,3
pjxyqxbj979,中表现,0,3
pjxsqxbj929,低表现,0,0
pjxyqxbk902,高表现,0,0
pjxyqwbk956,高表现,0,0
pjxyqwbk810,低表现,1,0
pjxuqwbj738,高表现,1,0
pjxyqwbk717,低表现,1,0
pjxyqxbj333,高表现,1,0
pjxpqxbj934,高表现,0,2
pjxyqwbj444,高表现,0,0
pjxyqwbj873,中表现,0,0
pjxyqxbl751,高表现,1,3
pjxyqwbk869,中表现,0,0
pjxxztbj998,低表现,1,3
pjxyqwbj665,高表现,0,0
pjxyqxbj670,高表现,0,3
pjxyqxbk090,高表现,0,0
pjxyqxbj397,中表现,0,3
pjxyqwbk671,低表现,1,0
pjxyqwbj421,中表现,0,0
pjxyqxbj117,高表现,0,3
pjxyqwbj425,中表现,1,0
pjxyqxbk519,高表现,0,3
pjxyqwbj159,低表现,1,3
pjxrqxbj945,低表现,1,0
pjxyqxbl757,低表现,1,3
pjwtqxbj977,中表现,1,3
pjxuqwbj993,高表现,0,0
pjxuzxbj984,低表现,1,0
pjxyqwbj872,中表现,0,3
pjxyqxbk615,中表现,1,0
pjxyqxbk899,中表现,1,0
pjxuqwbj974,中表现,1,0
pjxyqwbj591,低表现,1,0
pjxxxxbj912,低表现,1,0
pjwrqxbj994,中表现,0,3
pjxyqxbj933,中表现,1,3
pjxuqwbj735,高表现,1,3
pjxyqxbj853,高表现,0,0
pjxyqxbk316,中表现,0,3
pjxyqxbk195,低表现,1,0
pjxyqxbj269,低表现,1,0
pjxqzxbj985,低表现,1,3
pjxyqxbj840,低表现,1,3
pjxuqwbj935,低表现,1,0
pjxtztbj987,低表现,1,0
pjwrqxbj955,低表现,1,0
pjxwzxfj992,低表现,1,1
pjxuqwbj879,高表现,0,3
pjxuqwbj711,低表现,1,0
pjxyqxbl704,高表现,1,3
pjxyqxbl982,低表现,1,0
pjxyqxbk533,高表现,1,3
pjxyqxbj949,中表现,0,3
pjxyqxbj284,中表现,1,3
pjxyqwbj656,中表现,1,0
pjxuzxbj986,低表现,1,0
pjxqqxbj998,低表现,1,3
pjxuqwbj519,高表现,0,0
pjxyqxbj173,中表现,0,3
pjxuqwbj767,低表现,1,0
pjxyqxbk370,低表现,1,3
pjxyqxbk647,高表现,1,3
pjxyqxbj857,高表现,1,0
pjxxxxbj941,低表现,1,0
pjxyqxbj616,低表现,1,3
pjxyqwbj913,低表现,1,0
pjxyqxbk598,中表现,1,0
pjxyqwbj207,中表现,0,0
pjxyqxbj565,中表现,0,3
pjxyqxbk053,中表现,0,3
pjxyqwbj744,中表现,0,3
pjxyqxbj528,中表现,1,3
pjwtqxbj987,高表现,0,3
pjxyqxbj557,低表现,1,3
pjxpqxbj971,高表现,1,3
pjxyqxbj159,高表现,0,3
pjxyqwbj276,低表现,1,3
pjxrqxbj898,中表现,1,3
pjxyqxbj027,低表现,1,0
pjxyqxbj262,中表现,1,3
pjxyqxbk993,高表现,0,3
pjxyqwbj360,低表现,1,0
pjxyqwbj236,高表现,0,0
pjxyqxbl677,低表现,1,0
pjxyqxbj798,中表现,0,3
pjwtqxbj947,中表现,1,0
pjxyqwbk577,中表现,1,3
pjxpqxbj987,高表现,1,3
pjxyqxbk454,低表现,1,0
pjxsqxbj864,低表现,1,2
pjxsqxbj844,中表现,0,0
pjxpqxbj927,中表现,0,3
pjxyqxbj885,中表现,0,0
pjxyqxbj404,中表现,0,3
pjxsqxbj976,中表现,1,3
pjxsqxbj772,低表现,1,3
pjxyqxbj192,低表现,1,3
pjxyqxbk894,低表现,1,0
pjxyqxbj105,中表现,0,3
pjxyqwbj133,中表现,1,0
pjxtzxfj986,低表现,1,1
pjxsqxbj811,高表现,0,0
pjxpqxbj986,高表现,0,3
pjxsqxbj884,高表现,0,3
pjxyqwbj896,中表现,1,0
pjxyqwbj013,高表现,1,0
pjxyqxbj829,中表现,0,3
pjxyqxbj320,中表现,1,0
pjxtztbj990,低表现,1,0
pjxyqxbj728,中表现,0,3
pjxyqwbj052,低表现,1,3
pjxyqxbl999,低表现,1,0
pjxyqxbj327,低表现,1,0
pjxyqxbk792,中表现,1,3
pjxyqxbl826,低表现,1,0
pjxxxxbj914,高表现,1,0
pjxyqwbj089,中表现,0,0
pjxuqwbj527,中表现,1,0
pjxyqxbj207,中表现,0,0
pjxsqxbj998,中表现,1,3
pjxwxxbj951,中表现,1,0
pjwtqxbj931,高表现,0,3
pjxyqwbj727,高表现,0,0
pjxyqxbk341,中表现,0,0
pjxyqxbk460,低表现,1,0
pjxyqwbj325,中表现,1,0
pjxyqxbj576,低表现,1,0
pjxyqxbj150,高表现,1,3
pjxsqxbj807,低表现,1,3
pjxyqxbj374,中表现,1,0
pjxyqxbk506,高表现,1,0
pjxyqxbk437,低表现,1,0
pjxyqwbj047,低表现,1,0
pjxyqxbj893,高表现,0,0
pjxrqxbj891,高表现,1,0
pjxyqwbj249,高表现,0,0
pjxyqwbj630,高表现,1,0
pjxxxxbj958,高表现,1,0
pjxyqwbk760,中表现,0,3
pjxsqxbj859,高表现,0,3
pjxyqwbk661,低表现,1,0
pjxyqxbj294,低表现,1,3
pjxyqwbk884,低表现,1,0
pjxyqwbk541,低表现,1,0
pjxwxxbj960,低表现,1,0
pjxyqwbj939,高表现,0,0
pjxyqxbk481,高表现,0,3
pjxsqxbj887,高表现,0,3
pjxyqxbj460,高表现,0,0
pjxyqwbj428,高表现,0,0
pjxwxxbj930,低表现,1,0
pjxyqxbj915,中表现,1,3
pjxyqwbj285,中表现,0,0
pjxyqxbk686,中表现,1,3
pjxyqwbk949,低表现,1,0
pjxvzrfj997,低表现,1,1
pjxyqxbk861,中表现,0,3
pjxyqwbk547,低表现,1,3
pjxrqxbj944,中表现,1,0
pjxuqwbj450,低表现,1,0
pjxyqxbj430,低表现,1,0
pjxyqwbj772,低表现,1,0
pjxqzxbj994,高表现,1,0
pjxyqxbj476,中表现,0,3
pjxyqxbj230,中表现,0,3
pjxxzxkj995,中表现,0,3
pjxpqxbj973,高表现,1,3
pjxyqxbk731,中表现,1,3
pjxyqxbl717,高表现,0,3
pjxuqwbj585,中表现,0,0
pjxyqxbk547,高表现,0,3
pjxyqxbj630,中表现,1,0
pjxyqxbk700,低表现,1,0
pjxyqxbj610,低表现,1,0
pjxwzxbj985,高表现,1,3
pjxwxxbj946,高表现,1,0
pjxyqxbj577,高表现,0,3
pjxyqwbj844,高表现,0,3
pjxuqwbj665,低表现,1,0
pjxyqwbj027,低表现,1,3
pjxyqxbl699,中表现,0,0
pjxuqwbj461,高表现,0,0
pjxyqxbj980,低表现,1,3
pjxrqxbj955,高表现,1,3
pjxyqxbk579,低表现,1,2
pjxyqxbk733,低表现,1,3
pjxyqxbk495,低表现,1,3
pjwrqxbj991,高表现,0,3
pjxyqxbj451,中表现,0,3
pjxyqxbj830,低表现,1,0
pjxuqwbj712,低表现,1,0
pjxuqwbj956,高表现,0,0
pjxyqxbk329,高表现,0,3
pjwtqxbj950,低表现,1,3
pjxpqxbj944,高表现,0,0
pjxyqxbk154,低表现,1,3
pjxsqxbj851,高表现,0,3
pjxyqxbk287,低表现,1,0
pjxyqxbk757,中表现,1,3
pjxyqwbj888,低表现,1,0
pjxyqwbj867,低表现,1,0
pjxyqwbk549,低表现,1,0
pjxyqxbj464,高表现,0,3
pjxyqxbj581,中表现,0,0
pjxyqxbk555,中表现,1,3
pjxwxxbj944,低表现,1,0
pjxpqxbj941,高表现,1,3
pjxuqwbj606,高表现,0,3
pjxyqwbj699,低表现,1,0
pjxyqwbk656,中表现,1,3
pjxyqwbj367,高表现,0,3
pjxyqwbj090,高表现,1,0
pjxyqxbj529,中表现,0,3
pjxyqxbj905,低表现,1,0
pjxyqxbj679,高表现,0,3
pjxuqwbj673,高表现,0,0
pjxyqxbj512,高表现,0,3
pjxyqxbk778,中表现,1,3
pjxyqxbj188,低表现,0,3
pjxyqxbk298,低表现,1,0
pjxsqxbj784,中表现,0,3
pjxyqwbj849,低表现,1,0
pjxyqxbk782,低表现,1,3
pjxyqwbk808,高表现,0,0
pjxyqxbj519,中表现,1,3
pjxyqxbj869,高表现,1,0
pjxyqxbk764,中表现,0,3
pjxyqxbk080,低表现,1,0
pjxuqwbj477,中表现,1,0
pjxyqwbj334,中表现,1,0
pjxyqxbk375,高表现,0,0
pjxqqxbj983,高表现,1,3
pjxuqwbj826,高表现,1,3
pjxyqwbj803,低表现,1,0
pjxyqwbj053,高表现,0,0
pjxyqwbj468,中表现,1,0
pjxyqxbk335,高表现,1,0
pjxuqwbj679,中表现,0,0
pjxyqwbj101,中表现,1,0
pjxsqxbj880,中表现,1,3
pjxyqxbj947,中表现,0,3
pjxyqxbj167,高表现,0,3
pjxyqwbk592,低表现,1,0
pjxyqxbj583,中表现,1,0
pjxyqxbk415,高表现,1,0
pjxyqwbk756,高表现,1,0
pjxyqxbj629,低表现,1,3
pjxyqwbk872,高表现,0,0
pjxxztbj994,低表现,1,3
pjxyqxbk501,低表现,1,0
pjxyqwbj224,高表现,0,0
pjxxzxkj981,高表现,1,3
pjxyqxbk718,低表现,1,0
pjxyqxbk075,中表现,0,3
pjxuqwbj526,中表现,0,3
pjxyqwbk749,高表现,0,0
pjxwxxbj938,低表现,1,0
pjxyqxbk489,低表现,1,3
pjxyqxbl767,低表现,1,0
pjxyqwbj016,中表现,1,0
pjxuqwbj641,中表现,0,0
pjxyqxbk667,低表现,1,0
pjxyqwbk543,中表现,0,0
pjxyqxbj789,低表现,1,0
pjwtqxbj967,高表现,0,0
pjxwzxbj990,高表现,0,3
pjxyqxbk679,高表现,0,3
pjxyqxbk669,低表现,1,3
pjxqqxbj970,中表现,1,3
pjxyqxbj496,高表现,1,3
pjxqzxbj996,中表现,1,0
pjxyqwbk879,中表现,0,0
pjxrqxbj903,高表现,0,3
pjxyqwbk675,低表现,1,3
pjxyqxbk457,中表现,1,3
pjxyqxbj066,低表现,1,0
pjxyqxbj772,中表现,0,0
pjxyqwbj728,高表现,0,3
pjxyqxbl969,中表现,1,3
pjxyqxbj658,中表现,1,3
pjxyqxbj370,中表现,1,0
pjwtqxbj932,低表现,1,3
pjxsqxbj985,低表现,0,3
pjxyqwbk603,高表现,0,0
pjxyqxbk149,低表现,1,0
pjxuqwbj479,中表现,1,0
pjxyqwbk575,中表现,1,3
pjxyqxbk703,中表现,0,3
pjxyqwbj479,高表现,1,3
pjxyqxbl774,中表现,1,0
pjxuqwbj818,高表现,0,3
pjxyqxbj095,高表现,1,3
pjxwxxbj949,低表现,1,0
pjxyqwbk644,中表现,0,0
pjwrqxbj882,高表现,1,0
pjxyqxbl946,中表现,1,3
pjxuqwbj615,中表现,0,3
pjxsqxbj949,中表现,0,3
pjxpqxbj924,中表现,0,3
pjxyqwbk935,高表现,0,3
pjxyqxbj483,高表现,1,0
pjxyqwbj674,高表现,1,0
pjxyqxbj348,中表现,0,3
pjxuqwbj839,高表现,0,3
pjxyqxbk242,高表现,0,3
pjxyqwbj897,中表现,1,0
pjxyqxbj160,高表现,0,3
pjxyqwbj796,高表现,1,0
pjxyqxbk210,低表现,0,3
pjxyqxbk804,中表现,0,3
pjxyqxbj757,高表现,1,0
pjxyqxbk521,高表现,0,3
pjxsqxbj809,中表现,1,3
pjxyqxbj750,高表现,0,3
pjxyqxbj851,高表现,0,3
pjxyqxbj405,低表现,1,3
pjxyqwbj205,高表现,0,3
pjxyqxbj365,高表现,1,3
pjxsqxbj823,低表现,1,3
pjxyqxbj433,低表现,1,0
pjxyqxbk414,中表现,0,0
pjxxxxbj957,高表现,1,0
pjxxzxbj995,低表现,1,0
pjxyqwbk734,高表现,0,0
pjxyqxbk094,中表现,0,3
pjxpqxbj956,高表现,0,3
pjxyqxbk351,低表现,1,3
pjwrqxbj945,中表现,0,0
pjxyqxbj240,中表现,0,3
pjxyqwbj034,高表现,0,3
pjxyqxbl954,高表现,0,3
pjxyqxbk941,高表现,1,0
pjxyqxbk239,中表现,0,0
pjxyqwbk713,高表现,1,0
pjxyqwbj574,中表现,1,0
pjxyqxbj296,低表现,1,0
pjxyqxbj895,高表现,0,3
pjxwxxbj995,低表现,1,0
pjxyqwbk605,低表现,1,3
pjxyqwbj095,高表现,0,0
pjxyqxbj224,中表现,0,3
pjxyqwbj988,中表现,0,0
pjxyqwbj038,低表现,1,0
pjxyqxbk445,高表现,0,3
pjxyqxbj067,中表现,0,0
pjxyqxbk402,高表现,0,3
pjxyqxbj153,高表现,0,3
pjwrqxbj983,中表现,1,3
pjxuqwbj474,高表现,0,0
pjxyqxbk582,低表现,1,0
pjwtqxbj965,高表现,0,0
pjxwxxbj970,高表现,1,0
pjxyqwbj555,低表现,1,0
pjxyqxbl866,高表现,1,0
pjxwzxkj992,高表现,0,0
pjxyqwbj316,低表现,1,0
pjxyqxbl817,中表现,0,0
pjxyqwbj262,中表现,0,0
pjxyqxbj096,低表现,1,3
pjxyqwbj163,中表现,1,0
pjxuqwbj870,高表现,1,0
pjxxztfj975,低表现,1,1
pjxyqwbk829,高表现,0,0
pjxyqxbj978,中表现,1,3
pjxyqxbj795,低表现,1,0
pjxyqwbj344,低表现,1,0
pjxyqxbk606,低表现,0,3
pjxwzxfj975,低表现,1,1
pjxyqxbk163,中表现,1,0
pjxuqwbj445,低表现,1,0
pjxyqxbl996,中表现,1,3
pjxyqwbj602,高表现,0,3
pjxyqxbk364,低表现,1,0
pjxuqwbj947,高表现,0,3
pjxyqwbj418,中表现,0,3
pjxyqwbj085,低表现,1,3
pjxyqxbk562,高表现,0,0
pjxyqxbj929,中表现,1,0
pjxuqwbj536,高表现,0,0
pjxuzsfj977,低表现,1,1
pjxyqxbk304,低表现,1,0
pjxyqwbj563,中表现,0,3
pjxqqxbj974,高表现,0,0
pjxyqwbj847,低表现,1,3
pjxyqwbk621,低表现,1,0
pjxyqwbj697,低表现,1,3
pjxpqxbj933,高表现,1,3
pjxuqwbj751,高表现,0,3
pjxuqwbj478,高表现,0,0
pjxyqxbj121,中表现,0,3
pjxyqxbk779,低表现,1,0
pjxsqxbj843,中表现,0,0
pjxuqwbj853,低表现,1,0
pjxyqwbk638,低表现,1,0
pjxyqxbj158,低表现,1,0
pjxyqxbl701,中表现,0,0
pjxwxxbj964,低表现,1,0
pjxyqwbj625,高表现,0,0
pjxuqwbj676,中表现,0,0
pjxqzxbj973,中表现,1,0
pjwrqxbj952,低表现,1,3
pjxyqwbj478,高表现,1,3
pjxyqxbl797,高表现,1,0
pjxyqxbj522,高表现,1,0
pjxyqxbk257,低表现,1,0
pjxyqwbj307,低表现,1,0
pjxyqwbj201,中表现,1,3
pjxyqxbl893,中表现,0,0
pjxsqxbj942,低表现,1,3
pjxwzxkj996,低表现,1,0
pjxyqxbk319,高表现,0,0
pjxyqwbj340,低表现,1,2
pjxxxxbj942,高表现,1,0
pjxyqxbl752,高表现,0,0
pjxyqxbk935,高表现,0,0
pjxyqxbj710,低表现,1,0
pjxyqxbk788,中表现,1,3
pjxyqwbj464,低表现,0,0
pjxyqxbk426,高表现,1,0
pjxuqwbj583,高表现,0,2
pjxyqxbk751,低表现,0,3
pjxyqwbk953,低表现,1,0
pjxyqxbl724,中表现,1,0
pjxyqxbj403,低表现,1,3
pjxwxxbj913,低表现,1,3
pjxuqwbj571,中表现,0,0
pjxyqxbk578,高表现,0,3
pjxyqwbj834,中表现,0,0
pjxyqxbk290,中表现,1,3
pjxyqxbj953,中表现,1,3
pjxyqxbj813,高表现,1,0
pjxwzxbj997,高表现,0,0
pjxyqxbj400,中表现,0,3
pjxyqxbj595,中表现,1,3
pjxvztfj991,低表现,1,1
pjxyqxbj241,中表现,0,0
pjxyqwbk529,高表现,0,0
pjxyqwbj808,低表现,1,0
pjxsqxbj881,低表现,1,3
pjxsqxbj981,高表现,0,3
pjxyqwbj924,中表现,1,3
pjxyqwbj312,中表现,0,3
pjxyqxbl930,低表现,1,0
pjxyqxbj511,中表现,0,3
pjxqqxbj975,高表现,0,3
pjxyqwbk520,中表现,1,3
pjxyqxbj412,低表现,1,3
pjxyqxbk839,低表现,1,2
pjxyqxbl872,低表现,1,0
pjxyqwbk505,中表现,1,0
pjxwzxfj981,低表现,1,1
pjxyqwbj594,低表现,1,0
pjxtztbj996,低表现,1,3
pjxyqwbk668,低表现,1,0
pjxyqxbk429,高表现,1,3
pjxyqxbk828,中表现,1,0
pjxwzxfj983,低表现,1,1
pjxyqxbk843,中表现,1,0
pjxyqwbj941,高表现,1,3
pjxyqxbl673,中表现,0,0
pjxyqwbk735,低表现,1,0
pjxpqxbj979,中表现,0,3
pjxyqxbl927,高表现,0,0
pjxyqxbj154,高表现,0,3
pjxyqxbj574,中表现,0,0
pjwtqxbj918,低表现,1,3
pjxyqxbj507,低表现,1,0
pjxyqwbj856,高表现,1,0
pjxyqxbk643,中表现,0,3
pjxyqxbl793,中表现,1,3
pjxyqxbk603,高表现,0,2
pjxyqwbj790,中表现,0,0
pjxyqxbj987,中表现,0,3
pjxuqwbj748,中表现,0,3
pjwtqxbj960,中表现,0,3
pjxuqwbj490,低表现,1,0
pjxyqwbj673,高表现,1,0
pjxyqxbk317,高表现,0,0
pjxyqwbj274,高表现,1,0
pjxyqwbk706,高表现,1,3
pjxsqxbj786,中表现,1,0
pjxqqxbj996,高表现,1,3
pjxyqwbj407,高表现,0,0
pjxyqxbj243,高表现,0,3
pjxyqxbk655,高表现,0,3
pjxyqxbk885,中表现,0,3
pjxyqxbj691,低表现,1,3
pjxyqxbj864,高表现,1,0
pjxyqwbk721,中表现,0,3
pjxwzxkj989,高表现,1,0
pjxuqwbj694,低表现,1,0
pjxwzxkj985,中表现,0,0
pjxyqxbj911,低表现,1,0
pjxyqwbj895,中表现,0,0
pjxyqxbl955,低表现,1,0
pjxyqxbl723,低表现,1,2
pjxyqxbj608,中表现,1,3
pjxyqxbk625,中表现,0,3
pjxyqxbj293,中表现,1,0
pjxxxxbj966,中表现,1,0
pjxuqwbj695,低表现,1,0
pjxyqxbl895,中表现,0,3
pjxyqxbj533,高表现,0,0
pjxyqxbk217,低表现,1,0
pjxyqwbj248,中表现,0,3
pjxyqxbj788,低表现,1,0
pjxrqxbj914,低表现,1,0
pjxyqwbj611,高表现,1,0
pjxyqxbj578,高表现,0,3
pjxsqxbj920,高表现,0,3
pjxuqwbj632,低表现,1,0
pjxuqwbj516,中表现,0,0
pjxyqwbj171,高表现,0,0
pjxuqwbj565,中表现,0,3
pjxyqwbj532,高表现,1,0
pjxxztfj988,低表现,1,1
pjxyqxbk513,高表现,0,3
pjxyqwbj828,高表现,1,3
pjxyqxbj791,中表现,0,3
pjxyqxbk826,中表现,0,0
pjxyqxbl747,中表现,1,3
pjxyqwbk601,低表现,1,0
pjxuqwbj443,低表现,1,0
pjxyqxbk101,中表现,0,3
pjxxxxbj908,中表现,1,0
pjxyqwbj361,高表现,1,0
pjxyqwbj651,高表现,0,0
pjwuzxbj992,中表现,0,3
pjxyqxbk543,中表现,0,3
pjxtztbj997,低表现,1,0
pjxsqxbj862,低表现,1,3
pjxrqxbj909,低表现,1,3
pjxyqwbj718,高表现,0,0
pjxyqwbk544,高表现,0,0
pjxyqxbl703,低表现,1,0
pjxtztbj989,高表现,1,0
pjxyqxbj399,低表现,1,0
pjxyqwbk728,中表现,0,0
pjxyqwbk844,中表现,1,0
pjxyqwbj311,高表现,0,3
pjxyqxbj831,中表现,0,0
pjxyqxbk479,低表现,1,0
pjxwzxfj987,低表现,1,1
pjxyqwbj788,中表现,0,0
pjxyqxbk775,低表现,1,3
pjxyqwbj926,高表现,0,0
pjxyqwbj272,中表现,0,0
pjxyqxbj074,高表现,1,3
pjxuqwbj687,高表现,1,0
pjxsqxbj760,低表现,1,0
pjxyqwbk964,中表现,1,3
pjxuqwbj925,低表现,1,0
pjxuqwbj460,低表现,1,0
pjxyqxbk656,中表现,1,0
pjxyqxbj119,低表现,1,0
pjwrqxbj918,低表现,1,0
pjxyqxbj131,高表现,0,3
pjxyqxbj410,中表现,0,3
pjxyqwbk551,低表现,1,0
pjxrqxbj957,高表现,1,3
pjxyqxbj643,中表现,1,3
pjxyqxbk748,中表现,1,0
pjxyqxbk621,中表现,0,3
pjxyqwbk665,中表现,1,3
pjxyqxbk162,低表现,1,0
pjxpqxbj920,低表现,1,3
pjxyqxbj021,低表现,1,3
pjxuqwbj962,低表现,1,0
pjxyqxbl827,中表现,1,0
pjxyqxbj714,高表现,1,3
pjxyqxbj323,低表现,1,0
pjxuqwbj760,低表现,1,0
pjxyqxbl939,高表现,0,3
pjxyqwbk604,低表现,1,0
pjxuqwbj473,高表现,1,0
pjxyqwbj870,中表现,1,0
pjxyqxbk398,高表现,0,3
pjxuqwbj677,中表现,0,0
pjxyqwbj454,中表现,1,0
pjxyqxbk909,中表现,1,3
pjxuqwbj917,中表现,1,0
pjxyqwbk777,低表现,1,0
pjxyqxbk626,低表现,1,3
pjxyqwbk866,低表现,1,0
pjxyqwbk537,高表现,1,0
pjxyqxbl796,中表现,0,3
pjxyqxbl876,高表现,1,0
pjxxztfj986,低表现,1,1
pjxyqxbl847,低表现,1,0
pjxyqxbj384,低表现,1,3
pjxyqxbj054,中表现,0,3
pjxyqwbj554,高表现,1,0
pjxyqxbk629,高表现,0,3
pjxyqwbj092,高表现,0,0
pjxyqxbj682,中表现,1,0
pjxuqwbj654,低表现,1,0
pjxyqwbj251,中表现,1,3
pjxyqwbk793,高表现,1,0
pjxrqxbj962,低表现,1,0
pjwtqxbj968,中表现,0,3
pjxyqwbj403,高表现,1,0
pjxyqwbj534,高表现,0,0
pjxyqxbj114,中表现,1,3
pjxyqxbk872,中表现,0,0
pjxyqxbl759,中表现,0,3
pjxsqxbj787,低表现,1,3
pjxsqxbj816,高表现,0,3
pjxsqxbj780,低表现,1,3
pjxrqxbj954,高表现,0,3
pjxyqwbk999,低表现,1,0
pjxyqwbj710,中表现,1,0
pjxuqwbj996,高表现,0,0
pjxxxxbj988,高表现,1,0
pjxsqxbj957,高表现,1,3
pjxyqxbk343,低表现,1,0
pjxyqwbj979,低表现,1,3
pjxyqxbl858,低表现,1,0
pjxuqwbj774,高表现,0,3
pjxyqxbl843,低表现,1,0
pjxyqxbl989,高表现,1,0
pjxyqxbj584,低表现,1,0
pjxyqxbj667,中表现,1,3
pjxyqxbj187,中表现,1,3
pjxyqxbk484,高表现,1,3
pjxyqxbj448,中表现,0,3
pjxyqxbj478,高表现,1,3
pjxuqwbj528,高表现,0,3
pjxuqwbj449,中表现,0,2
pjwtqxbj993,高表现,0,3
pjwtqxbj959,中表现,0,3
pjxyqwbj850,中表现,0,3
pjxuqwbj967,中表现,0,3
pjxyqwbj998,低表现,1,0
pjxyqxbk403,中表现,0,0
pjxyqxbj029,低表现,1,0
pjxuqwbj800,高表现,0,3
pjxsqxbj777,中表现,0,0
pjxyqxbk661,低表现,1,0
pjxyqwbk761,高表现,0,0
pjxyqxbj524,中表现,0,3
pjxsqxbj938,低表现,1,0
pjxyqxbk777,中表现,0,3
pjxyqxbk637,高表现,0,0
pjxuqwbj927,中表现,1,0
pjxyqwbk889,低表现,1,0
pjwtqxbj929,高表现,0,3
pjxyqwbj146,中表现,1,3
pjwrqxbj926,中表现,0,0
pjxyqxbl980,低表现,1,0
pjxyqwbk928,中表现,0,3
pjxqqxbj949,高表现,0,3
pjxyqxbk882,低表现,1,0
pjxyqxbj731,低表现,1,3
pjxyqwbj791,低表现,1,0
pjxxxxbj963,高表现,1,0
pjxtzxfj980,低表现,1,1
pjxyqxbj195,高表现,1,3
pjxyqxbk027,高表现,1,3
pjxyqxbk662,中表现,0,3
pjwtqxbj914,高表现,0,3
pjxyqwbj726,中表现,1,0
pjxyqxbl710,低表现,0,3
pjxsqxbj834,低表现,1,3
pjxyqxbj064,低表现,1,3
pjxyqwbj527,高表现,1,3
pjxyqxbk297,中表现,0,0
pjxyqxbj251,中表现,0,3
pjxyqxbj794,低表现,1,0
pjxyqxbj237,高表现,1,3
pjxwzxfj993,低表现,1,1
pjxyqwbj002,高表现,1,0
pjxsqxbj815,高表现,1,3
pjxuqwbj605,低表现,1,0
pjxyqwbj020,高表现,1,0
pjxyqxbk064,低表现,1,0
pjwrqxbj949,高表现,0,0
pjwtqxbj925,高表现,0,0
pjxyqxbj594,高表现,0,3
pjxyqxbj063,低表现,1,0
pjxyqxbk934,低表现,1,3
pjxyqxbj359,低表现,1,3
pjxyqxbl943,低表现,1,0
pjxyqxbk633,高表现,0,3
pjxyqxbk086,中表现,0,3
pjxyqxbj636,低表现,1,2
pjxyqwbj634,高表现,1,0
pjxyqxbj238,高表现,0,3
pjxyqxbk611,低表现,1,3
pjxyqxbj046,高表现,0,3
pjxxxxbj997,高表现,1,0
pjxyqxbj537,中表现,1,0
pjxuqwbj468,低表现,1,0
pjxyqxbk965,高表现,0,3
pjxyqwbk642,中表现,1,0
pjxyqxbk382,高表现,1,0
pjxpqxbj954,高表现,1,3
pjxyqwbj422,中表现,1,3
pjxyqwbj842,中表现,1,0
pjxyqwbj991,中表现,1,0
pjxyqwbj393,低表现,1,0
pjxuqwbj845,低表现,1,0
pjxuqwbj699,低表现,1,0
pjxuqwbj650,高表现,1,0
pjxrqxbj972,中表现,1,0
pjxyqxbj290,高表现,0,3
pjxyqxbl945,中表现,1,0
pjwtqxbj933,中表现,1,3
pjxyqxbk853,中表现,1,3
pjxyqxbl806,中表现,0,3
pjxyqxbk469,低表现,0,0
pjxyqxbk401,低表现,1,0
pjxyqwbk792,中表现,1,0
pjxyqxbl821,高表现,0,3
pjxyqxbl684,低表现,1,0
pjxyqxbj527,中表现,1,0
pjxxxxbj913,低表现,1,0
pjxyqxbj301,高表现,0,3
pjxxxxbj901,中表现,1,0
pjxvzxbj996,中表现,1,0
pjxyqxbk131,中表现,0,3
pjxwxxbj910,低表现,1,0
pjxxxxbj944,中表现,1,0
pjxyqwbj869,低表现,1,3
pjxyqxbk987,中表现,0,3
pjxyqxbj756,低表现,1,0
pjxyqxbk066,中表现,0,3
pjxsqxbj789,高表现,0,0
pjxuqwbj515,高表现,0,0
pjxyqwbj050,中表现,0,3
pjxyqxbk011,中表现,0,0
pjxyqxbk330,低表现,1,0
pjxyqwbk623,低表现,1,3
pjxyqxbk334,高表现,0,3
pjxyqxbk755,中表现,0,3
pjxyqwbj463,低表现,1,3
pjxyqxbj725,低表现,1,3
pjxyqwbj518,高表现,1,0
pjxyqwbj825,低表现,1,0
pjxuqwbj878,中表现,1,0
pjxuqwbj757,低表现,1,0
pjxyqxbk286,中表现,1,3
pjxuqwbj593,低表现,1,0
pjxyqxbk980,高表现,0,0
pjxyqwbj181,中表现,1,0
pjxsqxbj996,高表现,0,3
pjxyqxbl739,中表现,0,3
pjxyqxbk263,高表现,0,0
pjxuqwbj470,中表现,1,3
pjxwzxbj989,中表现,1,3
pjxxxxbj916,中表现,1,0
pjxyqxbk981,低表现,1,3
pjwtqxbj988,中表现,0,3
pjxyqxbk388,低表现,1,0
pjwtqxbj943,中表现,0,3
pjxuqwbj804,中表现,1,0
pjxuqwbj734,低表现,1,3
pjxuzsfj980,低表现,1,1
pjxyqxbl768,中表现,1,3
pjxyqxbk571,中表现,0,3
pjxyqxbk151,中表现,1,3
pjxyqxbk059,低表现,1,0
pjxuqwbj483,低表现,1,3
pjxyqwbj927,高表现,1,0
pjxyqwbj955,中表现,1,3
pjxyqxbl780,高表现,1,3
pjxyqxbk474,高表现,0,3
pjxyqwbj930,高表现,0,3
pjxyqxbk910,中表现,1,3
pjxyqxbj562,低表现,1,0
pjxuqwbj787,低表现,1,0
pjxyqxbj093,低表现,0,3
pjxyqwbj185,中表现,0,0
pjvyzvfj994,低表现,1,1
pjxyqxbl991,低表现,1,3
pjxyqxbj068,低表现,1,3
pjxyqxbk166,低表现,1,0
pjxyqxbl919,低表现,1,3
pjxyqxbk273,低表现,1,3
pjxyqxbl789,低表现,1,0
pjxyqxbj040,高表现,0,3
pjxyqxbj984,低表现,1,0
pjxyqwbj497,低表现,1,0
pjxyqxbl854,中表现,0,3
pjxyqwbk540,低表现,1,0
pjxyqxbj280,中表现,0,3
pjxyqwbj965,高表现,1,0
pjxuqwbj631,低表现,1,0
pjxyqwbj622,高表现,1,3
pjxyqxbk954,中表现,0,0
pjxyqxbj841,高表现,1,3
pjxtztbj985,低表现,1,0
pjxyqxbk165,高表现,0,3
pjxqzxbj983,低表现,1,0
pjxyqxbj607,低表现,1,3
pjxsqxbj925,低表现,1,0
pjxyqwbj616,高表现,1,0
pjxyqxbj973,中表现,1,3
pjxxzxkj978,低表现,1,3
pjxuqwbj644,高表现,0,3
pjxuqwbj955,高表现,1,0
pjxyqwbj193,低表现,0,3
pjxsqxbj867,高表现,0,3
pjxsqxbj986,低表现,1,0
pjxyqxbj049,中表现,0,3
pjxyqwbj459,中表现,0,0
pjxuqwbj873,中表现,1,0
pjxyqxbk307,高表现,1,0
pjxyqwbk993,低表现,1,3
pjxyqwbj368,高表现,1,0
pjxyqxbk710,高表现,1,3
pjxyqxbj867,高表现,0,3
pjwrqxbj932,高表现,0,3
pjxyqxbk567,低表现,0,3
pjxyqxbj749,低表现,1,0
pjxyqxbj817,高表现,1,0
pjxsqxbj764,中表现,0,3
pjxyqwbj166,中表现,1,3
pjwrqxbj948,低表现,1,3
pjxyqxbk158,中表现,1,3
pjxyqwbj267,低表现,1,0
pjxuqwbj586,低表现,1,0
pjxyqwbj944,高表现,1,0
pjxxztfj992,低表现,1,1
pjxuqwbj539,中表现,0,0
pjxyqxbl857,低表现,1,3
pjxyqwbj758,高表现,0,0
pjxyqwbj763,低表现,1,0
pjxyqwbj922,高表现,1,0
pjxyqwbj261,中表现,1,0
pjxyqwbj401,中表现,1,0
pjxxxxbj986,低表现,1,0
pjxyqwbj912,高表现,0,0
pjxuqwbj661,高表现,0,3
pjxuqwbj658,低表现,1,0
pjxyqwbk531,低表现,1,0
pjxyqxbk076,高表现,0,3
pjxvztfj994,低表现,1,1
pjxyqwbj225,高表现,0,0
pjxyqwbk971,高表现,0,0
pjxuqwbj638,低表现,1,0
pjxyqwbj658,中表现,1,0
pjxyqwbj087,中表现,1,0
pjxqqxbj969,高表现,0,3
pjxyqxbj876,中表现,1,3
pjxyqxbl916,低表现,1,0
pjxyqxbj162,低表现,1,0
pjxwzxbj996,中表现,1,0
pjxyqxbk767,低表现,1,0
pjxyqwbk767,低表现,1,0
pjvyzxbj998,低表现,1,0
pjxyqwbj706,高表现,0,0
pjxqzxbj997,高表现,1,0
pjxyqwbj400,中表现,0,0
pjxyqxbj044,中表现,0,3
pjxyqxbj754,低表现,1,2
pjxyqxbj709,低表现,1,2
pjxsqxbj940,中表现,1,3
pjxyqxbj737,中表现,0,3
pjxyqwbk791,高表现,0,0
pjxsqxbj984,高表现,1,0
pjxyqwbk782,中表现,0,3
pjxsqxbj939,低表现,1,0
pjxyqwbj811,低表现,1,0
pjxsqxbj796,中表现,0,3
pjxuqwbj633,中表现,0,0
pjxyqxbk535,中表现,1,0
pjxyqxbk991,高表现,0,3
pjxsqxbj936,高表现,1,3
pjxyqwbj695,高表现,0,0
pjxyqxbk081,低表现,1,3
pjxyqxbj312,高表现,0,3
pjxyqxbj828,低表现,1,0
pjwrqxbj911,低表现,1,3
pjxyqwbk834,高表现,0,0
pjxuqwbj655,低表现,1,0
pjxyqwbk534,高表现,1,3
pjxyqxbk358,高表现,0,0
pjxyqwbj221,中表现,1,3
pjxyqxbk572,低表现,1,0
pjxqzxbj971,中表现,1,3
pjxyqwbk653,中表现,0,0
pjxqqxbj977,高表现,1,0
pjxuqwbj726,中表现,0,0
pjxyqwbk708,低表现,1,0
pjxyqxbk281,高表现,0,0
pjxyqwbk901,中表现,1,3
pjxyqxbj428,高表现,1,3
pjxyqwbj659,低表现,1,3
pjxyqwbj628,高表现,0,3
pjxyqxbj861,高表现,1,0
pjxyqwbj764,低表现,1,0
pjxuqwbj559,高表现,0,3
pjxyqxbl884,低表现,1,0
pjxsqxbj800,中表现,0,3
pjxyqxbj015,低表现,1,0
pjxyqxbl984,低表现,1,0
pjxyqwbj188,低表现,1,0
pjxyqxbk224,中表现,0,3
pjxyqwbj433,中表现,0,0
pjxyqxbj164,高表现,0,3
pjxyqwbj417,高表现,0,3
pjxuqwbj558,低表现,0,0
pjxyqwbj737,低表现,0,0
pjxuqwbj648,高表现,0,0
pjxyqwbj174,低表现,1,0
pjxyqwbj006,高表现,0,0
pjxpqxbj992,高表现,0,0
pjxyqxbk159,高表现,0,3
pjxyqwbk513,中表现,0,0
pjxyqxbl990,中表现,1,3
pjxuqwbj691,高表现,1,0
pjxyqwbj430,高表现,1,0
pjxyqxbj835,中表现,0,3
pjxyqxbj729,低表现,1,3
pjxyqwbj773,中表现,1,0
pjxyqxbk531,高表现,1,0
pjxyqwbj640,高表现,0,2
pjxyqwbj605,中表现,1,0
pjxpqxbj994,高表现,0,3
pjxyqxbk807,中表现,0,3
pjxxxxbj911,高表现,1,0
pjxyqxbj147,中表现,0,3
pjxyqxbk491,中表现,0,3
pjxyqwbj190,低表现,1,0
pjxyqxbj422,高表现,1,3
pjxyqxbj165,中表现,1,3
pjxuqwbj499,高表现,0,0
pjxyqwbj391,中表现,1,0
pjxyqxbj305,低表现,1,0
pjxyqwbj069,高表现,1,0
pjxyqxbk583,低表现,1,3
pjxyqxbk434,中表现,0,0
pjxsqxbj934,高表现,1,3
pjxyqxbk549,高表现,1,0
pjxyqxbj724,高表现,0,3
pjxyqwbk795,高表现,0,0
pjxwzxkj993,高表现,1,0
pjxuqwbj758,低表现,1,0
pjxyqxbj945,高表现,0,3
pjxyqwbj713,高表现,1,0
pjxyqxbk222,低表现,1,3
pjwtqxbj930,低表现,1,3
pjxyqxbk325,低表现,1,0
pjxsqxbj810,中表现,0,0
pjxuqwbj538,低表现,1,0
pjxyqxbk147,高表现,0,3
pjxyqwbk919,中表现,0,0
pjxyqxbj712,中表现,0,3
pjxyqwbk618,中表现,1,3
pjxyqxbj771,中表现,0,3
pjxyqwbj472,低表现,1,3
pjxsqxbj912,高表现,0,3
pjxyqwbj004,中表现,0,0
pjxyqxbk389,低表现,1,0
pjxrqxbj928,中表现,1,0
pjxyqxbj586,中表现,1,3
pjxyqxbj286,中表现,0,3
pjxyqwbj301,低表现,1,3
pjxyqxbj129,高表现,1,0
pjxqqxbj951,中表现,1,0
pjxyqxbk916,低表现,1,0
pjxuqwbj446,高表现,0,3
pjxuqwbj508,中表现,0,0
pjxyqwbj036,高表现,1,3
pjxyqwbk996,低表现,1,3
pjxyqwbk835,低表现,1,0
pjxyqxbj879,中表现,0,3
pjxyqxbj918,中表现,0,0
pjxuqwbj905,低表现,1,0
pjxsqxbj882,高表现,0,3
pjxyqxbl993,低表现,1,0
pjxyqxbl985,中表现,1,3
pjxuqwbj840,高表现,0,3
pjxyqwbk896,低表现,1,0
pjxuqwbj715,中表现,0,3
pjxuqwbj898,高表现,0,0
pjxpqxbj911,高表现,1,0
pjxyqxbk253,低表现,1,0
pjxyqxbk795,高表现,0,3
pjxyqxbj897,中表现,1,0
pjxyqwbk686,低表现,1,0
pjxyqwbk585,高表现,0,0
pjxyqxbl687,高表现,0,0
pjxyqxbj889,中表现,0,3
pjxyqwbj937,低表现,1,0
pjxyqxbj743,低表现,1,3
pjxwzxbj987,中表现,0,3
pjxpqxbj914,高表现,1,3
pjxyqwbj278,低表现,1,0
pjxtzxfj994,低表现,1,1
pjxyqxbk516,高表现,0,3
pjxyqxbl763,低表现,1,0
pjxyqxbk961,高表现,0,3
pjxyqwbj139,低表现,1,3
pjxyqxbj521,高表现,0,3
pjxyqxbj214,高表现,1,3
pjxyqxbj575,低表现,0,3
pjxyqxbj985,高表现,1,0
pjxyqwbj871,低表现,1,0
pjxyqwbj293,低表现,0,0
pjxuqwbj831,中表现,0,2
pjxyqxbk230,低表现,1,0
pjxyqxbk067,低表现,1,0
pjxyqxbk682,高表现,1,3
pjxsqxbj946,高表现,0,3
pjxqzxbj967,低表现,1,0
pjxyqxbj417,低表现,1,3
pjxyqxbl953,中表现,1,3
pjxyqwbk826,低表现,1,3
pjxyqwbk870,中表现,1,0
pjxyqxbk613,低表现,1,0
pjxyqxbl815,高表现,0,0
pjxyqxbk697,中表现,0,3
pjxyqxbk835,中表现,0,3
pjxyqwbj685,中表现,1,0
pjxyqwbj409,低表现,1,0
pjxuqwbj621,低表现,0,0
pjxuqwbj609,中表现,1,0
pjxyqwbj742,中表现,0,0
pjxyqxbl737,高表现,0,3
pjxwxxbj983,低表现,1,0
pjxyqxbk305,中表现,0,0
pjxyqwbj883,低表现,1,0
pjxyqxbk789,低表现,1,3
pjxyqxbj485,中表现,1,3
pjxxxxbj995,低表现,1,0
pjxyqwbj570,高表现,1,0
pjxyqwbj709,中表现,1,3
pjxyqwbj299,中表现,1,0
pjxyqwbj886,低表现,1,3
pjxuzxbj997,低表现,1,0
pjxyqxbk895,低表现,1,3
pjxpqxbj945,高表现,0,3
pjxyqxbk180,高表现,0,0
pjxyqwbk796,中表现,0,0
pjxuqwbj721,高表现,0,0
pjxyqwbj445,高表现,1,0
pjwrqxbj898,低表现,1,3
pjxyqwbj015,中表现,1,3
pjxyqwbk594,高表现,1,3
pjxuqwbj796,低表现,1,0
pjxyqxbl987,中表现,0,3
pjxsqxbj829,中表现,0,3
pjxsqxbj886,高表现,0,0
pjxyqxbl918,低表现,1,3
pjxyqxbk231,低表现,0,0
pjxyqxbj599,中表现,0,3
pjxyqxbl743,高表现,1,0
pjxyqwbj302,中表现,0,0
pjxyqwbk701,低表现,1,0
pjxyqwbj540,高表现,0,0
pjxxxxbj917,高表现,1,0
pjxyqxbj734,中表现,0,3
pjxuqwbj495,中表现,0,0
pjxyqwbj033,中表现,0,0
pjxyqwbk931,高表现,0,0
pjxyqxbk811,高表现,1,3
pjxyqxbj048,高表现,1,0
pjxqzxbj984,中表现,1,3
pjxyqwbj269,低表现,1,0
pjxyqxbj415,中表现,1,0
pjxpqxbj926,高表现,1,3
pjxyqxbk121,高表现,0,3
pjxyqwbj698,中表现,0,2
pjxyqxbj418,高表现,0,3
pjxuqwbj476,中表现,1,0
pjxyqwbj452,低表现,1,3
pjxyqwbj592,低表现,1,0
pjxuqwbj497,低表现,1,0
pjxyqwbj125,高表现,0,3
pjxyqwbj073,高表现,0,0
pjxyqxbj220,高表现,0,0
pjxvztfj985,低表现,1,1
pjxyqxbk477,中表现,0,2
pjxyqwbj822,中表现,0,0
pjxyqxbk318,高表现,0,3
pjxyqxbk971,中表现,0,3
pjxyqxbj469,低表现,1,3
pjxyqxbj225,低表现,1,3
pjxyqwbj799,高表现,1,0
pjxyqxbk801,中表现,0,3
pjxyqxbj221,低表现,1,0
pjxvztfj992,低表现,1,1
pjxyqxbl730,高表现,0,3
pjxyqxbj580,高表现,0,3
pjxuqwbj903,高表现,1,0
pjxyqxbk470,低表现,1,0
pjxuqwbj871,中表现,0,3
pjxyqxbj823,低表现,1,0
pjxyqxbj358,低表现,1,0
pjxyqwbk859,低表现,1,0
pjxyqwbj809,低表现,1,3
pjxyqxbk614,低表现,1,3
pjwrqxbj980,中表现,0,3
pjxyqwbk745,中表现,1,0
pjxuqwbj594,低表现,1,0
pjxyqxbk992,中表现,1,3
pjxyqwbj253,中表现,0,0
pjxxxxbj922,中表现,1,0
pjxyqwbj046,中表现,1,0
pjxyqxbk472,中表现,0,3
pjxuqwbj545,中表现,1,0
pjxuqwbj678,中表现,1,0
pjxsqxbj765,中表现,1,0
pjxyqxbj092,低表现,1,0
pjxrqxbj905,低表现,1,0
pjxyqxbj736,中表现,0,0
pjxyqxbj832,低表现,1,0
pjxuqwbj915,高表现,0,3
pjxyqwbj155,高表现,0,0
pjxyqxbj277,高表现,1,3
pjxyqwbk885,高表现,1,0
pjxuqwbj643,高表现,0,3
pjxyqxbj353,高表现,1,0
pjxyqwbj435,高表现,0,0
pjxyqxbj182,中表现,0,3
pjxyqwbk828,低表现,1,3
pjxyqwbk895,高表现,1,0
pjxyqwbj830,低表现,1,3
pjxuqwbj958,中表现,1,0
pjxyqxbl966,低表现,0,3
pjxyqwbj971,中表现,1,0
pjxuqwbj952,低表现,1,0
pjxvzxfj970,低表现,1,1
pjxyqxbj474,高表现,0,3
pjxyqwbj022,低表现,1,0
pjxyqwbj780,中表现,0,0
pjxyqwbj797,中表现,1,0
pjxuqwbj651,低表现,1,0
pjxuqwbj770,中表现,0,3
pjxuqwbj537,高表现,0,3
pjxsqxbj995,低表现,1,3
pjxyqwbj945,高表现,1,3
pjxyqxbl879,低表现,1,0
pjxyqwbj243,高表现,0,3
pjxyqwbk678,中表现,0,0
pjxuqwbj674,高表现,1,0
pjxyqwbk799,中表现,1,0
pjxsqxbj849,高表现,1,3
pjxyqxbj023,高表现,0,3
pjxyqxbk742,中表现,1,3
pjxyqxbj868,高表现,0,0
pjxyqxbl839,高表现,0,0
pjxyqxbj686,低表现,1,3
pjxyqxbk760,中表现,0,3
pjxyqxbj989,低表现,1,3
pjxyqxbl746,中表现,1,0
pjxyqwbj929,低表现,1,3
pjxwxxbj905,低表现,1,0
pjwrqxbj985,高表现,1,3
pjxyqxbj065,中表现,1,3
pjxyqxbl896,低表现,1,0
pjxyqxbk565,低表现,1,3
pjxxxxbj975,中表现,1,0
pjxyqxbk269,低表现,0,3
pjxyqwbj940,中表现,0,0
pjxuqwbj723,中表现,0,3
pjxuqwbj588,低表现,1,0
pjxyqxbk199,高表现,0,3
pjxyqxbk537,中表现,1,3
pjxyqxbk530,中表现,0,0
pjxyqxbk553,高表现,0,3
pjxsqxbj968,高表现,1,3
pjxyqwbj530,中表现,1,0
pjxuqwbj773,低表现,1,0
pjxyqwbk814,低表现,1,0
pjxyqxbj909,低表现,1,0
pjxyqxbl975,中表现,1,0
pjxyqwbk521,中表现,0,0
pjwtqxbj969,中表现,0,3
pjxyqxbj698,中表现,0,3
pjxyqwbj993,低表现,1,0
pjxyqxbk609,中表现,1,0
pjxyqwbj820,高表现,1,3
pjxuqwbj634,高表现,0,0
pjxyqxbk644,中表现,0,3
pjxyqxbj094,低表现,1,3
pjxyqxbl828,高表现,0,3
pjxwxxbj914,低表现,1,0
pjxyqxbj871,低表现,1,0
pjxyqwbk754,高表现,0,3
pjxyqwbj523,低表现,1,0
pjxyqxbj525,高表现,1,3
pjxuqwbj580,高表现,0,0
pjxyqxbl804,高表现,0,0
pjxyqxbj490,高表现,0,3
pjxvzxbj997,中表现,1,0
pjxyqxbj124,中表现,1,3
pjxyqxbj169,低表现,1,0
pjxyqxbj239,中表现,0,3
pjxyqxbk295,低表现,1,0
pjxsqxbj885,高表现,0,3
pjxyqwbj775,高表现,1,0
pjxyqwbk910,高表现,1,0
pjxyqwbj669,中表现,1,0
pjxyqxbj058,高表现,0,3
pjxyqwbj341,中表现,0,3
pjxyqwbj072,高表现,0,0
pjwrqxbj925,高表现,0,0
pjxyqxbj144,中表现,0,0
pjxyqwbj001,高表现,1,3
pjxqzxbj979,中表现,1,0
pjxuzsfj983,低表现,1,1
pjxyqwbk787,高表现,1,0
pjwtqxbj952,低表现,1,3
pjxyqwbj636,中表现,0,0
pjxyqxbk597,低表现,1,0
pjxyqwbj985,高表现,1,0
pjxyqxbk848,中表现,0,3
pjxsqxbj857,低表现,1,0
pjxyqxbk140,低表现,1,0
pjwtqxbj971,中表现,0,3
pjxyqxbk907,高表现,0,3
pjxyqxbl708,低表现,1,0
pjxyqxbk442,低表现,1,0
pjxuqwbj701,低表现,1,0
pjxyqxbk349,中表现,1,0
pjxyqxbk272,中表现,1,0
pjxyqwbj100,高表现,0,0
pjxyqxbl758,中表现,0,3
pjxsqxbj899,高表现,0,0
pjxxxxbj937,高表现,1,0
pjxyqxbj106,高表现,1,3
pjxyqxbj589,中表现,0,3
pjxuqwbj491,中表现,1,0
pjxyqwbj338,高表现,0,0
pjxyqwbj116,低表现,1,0
pjxyqxbj002,低表现,1,3
pjxyqwbj509,中表现,0,0
pjxpqxbj998,中表现,1,3
pjxyqxbk827,高表现,1,3
pjxsqxbj932,高表现,0,3
pjxyqxbj075,高表现,0,3
pjxyqwbj169,中表现,1,0
pjxyqxbk929,高表现,1,3
pjxyqwbk755,中表现,1,0
pjxyqwbk679,低表现,1,0
pjxyqwbk650,中表现,0,3
pjxyqwbk666,高表现,0,0
pjxyqxbj927,高表现,0,3
pjxyqwbj088,中表现,0,0
pjxyqxbj888,中表现,1,3
pjwrzxbj996,低表现,1,0
pjxyqwbj642,高表现,0,0
pjxuqwbj591,高表现,0,3
pjxyqwbj789,低表现,1,3
pjxyqxbk342,高表现,1,2
pjxyqxbk243,高表现,0,0
pjxyqwbj129,中表现,1,0
pjxyqxbk867,中表现,1,0
pjxyqxbk228,中表现,1,0
pjxxzxbj998,低表现,1,3
pjxyqwbk729,高表现,1,0
pjxyqxbk674,高表现,1,3
pjxyqwbj327,高表现,0,3
pjxyqwbk617,中表现,1,0
pjxyqxbj012,高表现,0,3
pjxyqxbk505,高表现,0,3
pjxyqxbj332,高表现,0,3
pjxxxxbj932,中表现,1,0
pjxrqxbj958,低表现,1,0
pjxyqwbj632,低表现,1,3
pjxyqwbj560,高表现,1,3
pjxyqwbk862,低表现,1,0
pjxyqxbl891,低表现,1,3
pjxuqwbj498,低表现,1,0
pjwtqxbj957,高表现,0,3
pjxyqwbj925,中表现,0,3
pjxyqxbk945,中表现,1,3
pjxxxxbj904,低表现,1,0
pjxuqwbj686,中表现,0,3
pjxyqwbk620,低表现,1,0
pjxxxxbj945,低表现,1,0
pjxsqxbj831,低表现,1,3
pjxyqxbj084,中表现,1,3
pjxrqxbj971,低表现,1,0
pjxyqwbk920,低表现,1,0
pjxyqxbj569,低表现,1,3
pjxyqxbl816,低表现,1,3
pjxyqxbj694,高表现,0,3
pjxyqxbk969,中表现,0,3
pjxsqxbj900,高表现,0,3
pjxqqxbj988,高表现,1,0
pjxyqxbl970,中表现,0,3
pjxyqxbj969,低表现,1,0
pjxyqwbk762,低表现,1,0
pjxuqwbj783,高表现,0,3
pjxxztfj982,低表现,1,1
pjxyqxbj279,高表现,1,3
pjxyqxbk208,低表现,1,0
pjxyqwbk815,低表现,1,3
pjwrqxbj998,低表现,1,0
pjxyqxbk737,低表现,1,3
pjxyqxbk918,低表现,1,0
pjwtqxbj985,高表现,0,3
pjxyqwbj321,低表现,1,0
pjxtztbj998,中表现,1,0
pjxyqwbj237,中表现,0,0
pjxyqwbj688,中表现,1,0
pjxyqwbj538,中表现,0,3
pjxyqwbj936,高表现,1,3
pjxrqxbj973,中表现,0,0
pjxyqxbj505,中表现,0,3
pjxuqwbj639,低表现,1,0
pjxyqxbk791,高表现,0,3
pjxyqwbj525,低表现,1,0
pjxyqxbl727,高表现,0,3
pjxyqxbk810,高表现,0,3
pjxyqwbj852,高表现,1,0
pjxsqxbj771,低表现,0,3
pjxyqwbk747,中表现,1,3
pjxyqxbj932,中表现,1,3
pjxyqwbj394,高表现,1,3
pjxuqwbj618,中表现,1,0
pjxyqxbk294,低表现,1,0
pjxyqxbj995,中表现,1,3
pjxyqwbk807,低表现,1,0
pjxuqwbj918,中表现,1,0
pjxyqwbj300,高表现,0,0
pjxuqwbj552,高表现,0,0
pjxyqwbk991,低表现,1,0
pjxyqxbk665,高表现,1,3
pjxyqxbj032,低表现,1,0
pjxyqxbk962,高表现,0,3
pjxqqxbj957,中表现,1,0
pjxuqwbj717,中表现,1,3
pjxyqxbk377,低表现,1,0
pjxyqwbk902,中表现,1,0
pjxsqxbj989,高表现,0,3
pjxsqxbj962,低表现,1,0
pjxyqwbj023,中表现,0,0
pjxyqxbj271,低表现,1,0
pjxyqwbj662,中表现,0,0
pjxyqxbk201,低表现,1,0
pjxyqxbl836,中表现,1,0
pjxuqwbj848,中表现,1,0
pjxyqxbk863,低表现,1,3
pjxyqxbj345,中表现,0,3
pjxyqwbk536,低表现,1,0
pjxyqwbj322,高表现,1,0
pjxpqxbj967,高表现,0,3
pjxyqxbl731,低表现,1,0
pjxrqxbj996,高表现,0,0
pjxyqxbj928,低表现,1,0
pjxyqwbj398,高表现,1,3
pjxyqwbj380,低表现,1,3
pjxyqwbj552,高表现,1,0
pjxyqwbk824,高表现,0,0
pjxuqwbj890,低表现,1,0
pjxsqxbj966,中表现,0,0
pjxtztbj986,低表现,1,0
pjxyqxbj540,中表现,0,3
pjxyqwbj328,中表现,1,0
pjxyqxbj273,中表现,1,3
pjxyqxbk865,高表现,0,3
pjxyqxbj395,中表现,0,3
pjxyqxbk649,高表现,1,3
pjxxxxbj933,低表现,1,0
pjxyqxbk722,低表现,1,0
pjxqqxbj959,高表现,0,3
pjxyqxbk025,低表现,1,0
pjxyqxbj683,低表现,1,2
pjxrqxbj963,低表现,1,0
pjxyqxbj282,中表现,0,3
pjxuqwbj547,高表现,1,0
pjxyqxbk911,高表现,0,3
pjxyqxbj645,低表现,1,3
pjxyqwbj802,中表现,1,3
pjxpqxbj997,中表现,1,0
pjxyqwbj508,中表现,1,0
pjxyqwbj003,中表现,1,0
pjwrqxbj951,高表现,0,3
pjxpqxbj932,中表现,0,3
pjxyqxbj148,中表现,1,3
pjxyqwbk624,低表现,0,3
pjwrqxbj978,中表现,0,3
pjxyqwbj315,中表现,1,3
pjxuqwbj624,高表现,0,3
pjxyqwbk900,低表现,1,0
pjxyqxbj089,中表现,1,0
pjxuqwbj582,中表现,0,3
pjxyqxbj815,中表现,0,3
pjxuqwbj799,低表现,1,3
pjxsqxbj969,高表现,0,2
pjxyqxbj546,中表现,0,3
pjxyqxbk539,中表现,1,0
pjxyqxbj662,高表现,0,3
pjxuqwbj463,低表现,1,3
pjxyqxbj957,中表现,0,0
pjxyqwbj456,低表现,1,2
pjxyqwbj049,低表现,1,3
pjxxxxbj943,中表现,1,0
pjxyqxbj261,中表现,0,3
pjxxztbj990,中表现,0,0
pjxuqwbj992,低表现,1,0
pjxyqwbj838,高表现,1,3
pjxuzsfj984,低表现,1,1
pjxyqxbl900,低表现,1,0
pjxyqwbk504,低表现,1,0
pjxyqwbj402,低表现,1,0
pjxyqxbk676,高表现,1,0
pjxyqxbj919,高表现,1,3
pjxyqxbj717,中表现,0,3
pjxyqwbk523,高表现,0,0
pjxyqxbk546,低表现,1,0
pjxyqwbk845,中表现,1,0
pjxyqwbj582,中表现,1,0
pjxyqxbl808,高表现,0,0
pjxvzrfj981,低表现,1,1
pjxxzxkj998,低表现,1,3
pjxuqwbj647,高表现,0,0
pjxyqwbj437,高表现,0,0
pjxyqxbj146,高表现,0,3
pjxyqxbj217,中表现,1,3
pjxxztbj995,低表现,1,3
pjxyqwbj907,高表现,1,0
pjxyqxbk138,低表现,1,3
pjxwxxbj899,低表现,1,0
pjxsqxbj863,中表现,1,3
pjxpqxbj937,高表现,0,3
pjxyqxbj910,中表现,0,3
pjxyqxbk047,中表现,0,0
pjxyqxbj432,中表现,1,3
pjxyqxbj506,中表现,1,3
pjxuqwbj861,低表现,1,0
pjwrqxbj923,中表现,0,0
pjxyqxbk681,高表现,1,3
pjxsqxbj908,中表现,0,0
pjxyqxbk873,低表现,1,3
pjxuqwbj847,低表现,1,0
pjxyqxbk592,中表现,1,0
pjxyqxbj854,高表现,0,3
pjwtqxbj953,高表现,0,2
pjxyqwbj604,低表现,1,3
pjxpqxbj977,高表现,0,3
pjxyqwbk559,低表现,1,2
pjxyqwbj621,中表现,1,0
pjxyqxbl736,高表现,0,3
pjxyqwbj082,低表现,1,0
pjxyqxbj633,中表现,1,3
pjxpqxbj955,中表现,0,3
pjxyqwbj857,低表现,1,0
pjxyqwbj288,低表现,1,0
pjxyqxbk065,中表现,0,0
pjxvztfj980,低表现,1,1
pjxyqxbj315,中表现,0,3
pjxyqxbk331,中表现,0,3
pjxuqwbj916,中表现,1,3
pjxyqwbj279,低表现,1,2
pjxyqxbk528,高表现,0,0
pjxyqxbk261,低表现,1,0
pjwtqxbj941,低表现,0,3
pjxyqwbj608,中表现,0,3
pjxyqwbj232,高表现,1,0
pjxyqxbk300,低表现,1,3
pjxyqxbl794,中表现,0,3
pjxyqwbj687,中表现,0,0
pjxyqxbk527,高表现,0,3
pjxyqwbj917,高表现,1,3
pjxyqxbj866,高表现,0,3
pjxuqwbj857,高表现,1,3
pjxyqwbk746,低表现,1,0
pjxwzxfj984,低表现,1,1
pjxuqwbj610,高表现,0,3
pjxyqwbj318,高表现,0,0
pjxyqwbj410,高表现,0,0
pjxxxxbj915,高表现,1,0
pjwtqxbj913,高表现,0,3
pjxyqwbk578,低表现,1,0
pjxuzsfj978,低表现,1,1
pjxqqxbj973,中表现,1,0
pjxyqxbk908,高表现,0,3
pjxyqxbl905,中表现,0,0
pjxuqwbj622,低表现,1,0
pjxyqxbl769,低表现,1,0
pjxyqxbk868,低表现,1,0
pjxyqxbj765,中表现,0,3
pjxyqwbk631,中表现,0,3
pjxyqwbj646,中表现,0,3
pjxyqxbk115,中表现,0,3
pjxyqxbk847,中表现,1,3
pjxyqxbk951,高表现,0,3
pjxyqxbk183,高表现,0,0
pjxyqwbj041,低表现,1,0
pjxyqxbk015,低表现,1,0
pjxrqxbj937,高表现,1,0
pjxpqxbj918,中表现,1,3
pjxyqwbj203,中表现,0,0
pjxyqxbj707,高表现,0,3
pjxrqxbj990,高表现,0,0
pjxyqwbj277,中表现,1,0
pjxyqwbj535,高表现,0,0
pjxyqxbk072,中表现,0,3
pjxyqxbk926,低表现,1,3
pjvyzvfj977,低表现,1,1
pjxuqwbj980,低表现,1,0
pjxyqxbj647,中表现,0,3
pjxwzxbj986,低表现,1,3
pjxyqwbj153,中表现,1,0
pjxyqxbl964,低表现,1,3
pjxuqwbj573,高表现,0,0
pjxuqwbj562,中表现,1,0
pjxuqwbj600,中表现,0,3
pjxyqwbk764,高表现,0,0
pjvyzxbj993,低表现,1,0
pjxuqwbj551,中表现,0,0
pjwtqxbj972,低表现,1,0
pjxwzxfj977,低表现,1,1
pjxyqxbj035,中表现,0,3
pjxyqxbj638,中表现,1,3
pjxrqxbj942,高表现,1,0
pjxrqxbj978,中表现,1,0
pjxyqxbl709,中表现,1,0
pjxyqxbk596,中表现,1,0
pjxyqxbj968,中表现,1,3
pjxyqxbk023,中表现,0,3
pjxyqxbl716,低表现,1,3
pjxyqxbk428,高表现,0,3
pjxyqxbj625,高表现,0,3
pjxxzxkj987,高表现,1,3
pjxyqxbk610,高表现,0,3
pjxxztfj972,低表现,1,1
pjxyqxbl738,中表现,0,0
pjxyqxbk799,高表现,1,0
pjwuzxbj995,低表现,1,3
pjxyqwbj192,低表现,1,3
pjxxztfj991,低表现,1,1
pjxyqxbk573,低表现,1,3
pjxyqwbk907,低表现,1,3
pjxyqxbk336,高表现,0,3
pjxxxxbj907,中表现,1,0
pjxyqxbj769,低表现,1,3
pjxyqxbk182,中表现,1,0
pjxyqxbj896,高表现,0,3
pjwtqxbj998,高表现,1,0
pjxuqwbj505,中表现,1,3
pjxyqwbj197,中表现,1,0
pjxyqwbj044,低表现,1,3
pjxyqxbk995,高表现,1,0
pjxyqwbj733,中表现,1,0
pjxyqwbk562,中表现,0,0
pjwtqxbj974,高表现,0,0
pjxyqwbj191,中表现,0,3
pjxyqwbj488,低表现,1,0
pjxyqxbk898,中表现,0,3
pjxyqxbj317,低表现,1,3
pjxyqxbk171,中表现,0,0
pjxqzxbj989,高表现,1,0
pjxyqxbj100,低表现,1,3
pjxuqwbj881,中表现,0,0
pjxyqxbj484,高表现,0,3
pjxyqxbj657,高表现,1,3
pjxyqxbk160,高表现,1,0
pjxyqwbj058,高表现,0,0
pjxyqxbj692,中表现,1,3
pjxyqxbj676,高表现,1,3
pjxuqwbj529,低表现,1,0
pjxyqwbk581,中表现,1,3
pjwqzwbj998,中表现,0,0
pjxuqwbj755,高表现,1,0
pjxyqxbj051,高表现,1,0
pjxuqwbj850,高表现,0,0
pjxyqxbj784,中表现,0,3
pjxyqwbj333,低表现,1,0
pjxyqwbj336,中表现,1,0
pjxyqxbk823,低表现,1,0
pjxyqxbj120,高表现,0,3
pjxsqxbj752,中表现,1,3
pjxyqwbj769,中表现,1,0
pjxpqxbj957,中表现,1,3
pjwtqxbj984,高表现,1,2
pjxyqwbj777,中表现,1,3
pjxyqwbk741,低表现,1,0
pjxyqxbj628,中表现,0,3
pjxuqwbj788,高表现,0,0
pjxyqxbk116,低表现,1,0
pjxyqwbj369,中表现,1,0
pjxyqxbk070,高表现,0,3
pjxyqxbj718,低表现,0,3
pjxxxxbj980,低表现,1,0
pjxyqwbj663,中表现,0,0
pjwtqxbj928,中表现,1,3
pjxyqxbl925,高表现,0,3
pjxqqxbj961,高表现,0,3
pjxyqwbj627,低表现,1,3
pjxyqwbj408,高表现,1,0
pjxuqwbj517,中表现,0,0
pjxyqxbk634,高表现,0,3
pjxyqwbj889,中表现,0,0
pjxuqwbj781,低表现,1,0
pjxyqxbk713,中表现,0,3
pjxyqxbk378,中表现,0,0
pjxyqxbk391,中表现,0,0
pjxyqxbl713,低表现,1,3
pjxyqxbk943,中表现,1,3
pjxyqxbk631,低表现,1,0
pjxyqwbk727,低表现,1,0
pjwrqxbj919,低表现,1,3
pjxwzxbj998,低表现,1,3
pjxuqwbj492,高表现,1,0
pjxuqwbj705,低表现,1,3
pjxyqxbj325,高表现,1,3
pjxyqxbk880,高表现,1,3
pjxqzxbj980,高表现,1,0
pjxyqxbj283,高表现,0,0
pjxyqwbj031,中表现,0,0
pjxyqxbk759,中表现,1,3
pjxrqxbj908,高表现,1,3
pjxyqxbk262,中表现,1,0
pjxuqwbj608,中表现,1,0
pjxuzsfj981,低表现,1,1
pjxyqxbj139,高表现,1,0
pjxyqxbk042,中表现,1,3
pjxyqwbj903,低表现,1,0
pjxyqxbk497,低表现,1,0
pjwtqxbj942,中表现,1,3
pjxqzxbj982,低表现,1,3
pjxsqxbj892,高表现,0,3
pjxyqxbj392,高表现,0,3
pjxyqxbj125,中表现,0,3
